:0200000460009A
:100000004643464200000156000000000103030081
:1000100000000000000000000000000000000000E0
:1000200000000000000000000000000000000000D0
:1000300000000000000000000000000000000000C0
:1000400000000000010408000000000000000000A3
:100050000000800000000000000000000000000020
:100060000000000000000000000000000000000090
:100070000000000000000000000000000000000080
:10008000EB04180A063204260000000000000000FD
:10009000050404240000000000000000000000002F
:1000A0000000000000000000000000000000000050
:1000B0000604000000000000000000000000000036
:1000C0000000000000000000000000000000000030
:1000D00020041808000000000000000000000000DC
:1000E0000000000000000000000000000000000010
:1000F0000000000000000000000000000000000000
:10010000D8041808000000000000000000000000F3
:100110000204180804200000000000000000000095
:1001200000000000000000000000000000000000CF
:10013000600400000000000000000000000000005B
:1001400000000000000000000000000000000000AF
:10015000000000000000000000000000000000009F
:10016000000000000000000000000000000000008F
:10017000000000000000000000000000000000007F
:10018000000000000000000000000000000000006F
:10019000000000000000000000000000000000005F
:1001A000000000000000000000000000000000004F
:1001B000000000000000000000000000000000003F
:1001C000000100000010000001000000000000001D
:1001D000000001000000000000000000000000001E
:1001E000000000000000000000000000000000000F
:1001F00000000000000000000000000000000000FF
:10020000FFFFFFFFFFFFFFFFFFFFFFFFFFFFFFFFFE
:10021000FFFFFFFFFFFFFFFFFFFFFFFFFFFFFFFFEE
:10022000FFFFFFFFFFFFFFFFFFFFFFFFFFFFFFFFDE
:10023000FFFFFFFFFFFFFFFFFFFFFFFFFFFFFFFFCE
:10024000FFFFFFFFFFFFFFFFFFFFFFFFFFFFFFFFBE
:10025000FFFFFFFFFFFFFFFFFFFFFFFFFFFFFFFFAE
:10026000FFFFFFFFFFFFFFFFFFFFFFFFFFFFFFFF9E
:10027000FFFFFFFFFFFFFFFFFFFFFFFFFFFFFFFF8E
:10028000FFFFFFFFFFFFFFFFFFFFFFFFFFFFFFFF7E
:10029000FFFFFFFFFFFFFFFFFFFFFFFFFFFFFFFF6E
:1002A000FFFFFFFFFFFFFFFFFFFFFFFFFFFFFFFF5E
:1002B000FFFFFFFFFFFFFFFFFFFFFFFFFFFFFFFF4E
:1002C000FFFFFFFFFFFFFFFFFFFFFFFFFFFFFFFF3E
:1002D000FFFFFFFFFFFFFFFFFFFFFFFFFFFFFFFF2E
:1002E000FFFFFFFFFFFFFFFFFFFFFFFFFFFFFFFF1E
:1002F000FFFFFFFFFFFFFFFFFFFFFFFFFFFFFFFF0E
:10030000FFFFFFFFFFFFFFFFFFFFFFFFFFFFFFFFFD
:10031000FFFFFFFFFFFFFFFFFFFFFFFFFFFFFFFFED
:10032000FFFFFFFFFFFFFFFFFFFFFFFFFFFFFFFFDD
:10033000FFFFFFFFFFFFFFFFFFFFFFFFFFFFFFFFCD
:10034000FFFFFFFFFFFFFFFFFFFFFFFFFFFFFFFFBD
:10035000FFFFFFFFFFFFFFFFFFFFFFFFFFFFFFFFAD
:10036000FFFFFFFFFFFFFFFFFFFFFFFFFFFFFFFF9D
:10037000FFFFFFFFFFFFFFFFFFFFFFFFFFFFFFFF8D
:10038000FFFFFFFFFFFFFFFFFFFFFFFFFFFFFFFF7D
:10039000FFFFFFFFFFFFFFFFFFFFFFFFFFFFFFFF6D
:1003A000FFFFFFFFFFFFFFFFFFFFFFFFFFFFFFFF5D
:1003B000FFFFFFFFFFFFFFFFFFFFFFFFFFFFFFFF4D
:1003C000FFFFFFFFFFFFFFFFFFFFFFFFFFFFFFFF3D
:1003D000FFFFFFFFFFFFFFFFFFFFFFFFFFFFFFFF2D
:1003E000FFFFFFFFFFFFFFFFFFFFFFFFFFFFFFFF1D
:1003F000FFFFFFFFFFFFFFFFFFFFFFFFFFFFFFFF0D
:10040000FFFFFFFFFFFFFFFFFFFFFFFFFFFFFFFFFC
:10041000FFFFFFFFFFFFFFFFFFFFFFFFFFFFFFFFEC
:10042000FFFFFFFFFFFFFFFFFFFFFFFFFFFFFFFFDC
:10043000FFFFFFFFFFFFFFFFFFFFFFFFFFFFFFFFCC
:10044000FFFFFFFFFFFFFFFFFFFFFFFFFFFFFFFFBC
:10045000FFFFFFFFFFFFFFFFFFFFFFFFFFFFFFFFAC
:10046000FFFFFFFFFFFFFFFFFFFFFFFFFFFFFFFF9C
:10047000FFFFFFFFFFFFFFFFFFFFFFFFFFFFFFFF8C
:10048000FFFFFFFFFFFFFFFFFFFFFFFFFFFFFFFF7C
:10049000FFFFFFFFFFFFFFFFFFFFFFFFFFFFFFFF6C
:1004A000FFFFFFFFFFFFFFFFFFFFFFFFFFFFFFFF5C
:1004B000FFFFFFFFFFFFFFFFFFFFFFFFFFFFFFFF4C
:1004C000FFFFFFFFFFFFFFFFFFFFFFFFFFFFFFFF3C
:1004D000FFFFFFFFFFFFFFFFFFFFFFFFFFFFFFFF2C
:1004E000FFFFFFFFFFFFFFFFFFFFFFFFFFFFFFFF1C
:1004F000FFFFFFFFFFFFFFFFFFFFFFFFFFFFFFFF0C
:10050000FFFFFFFFFFFFFFFFFFFFFFFFFFFFFFFFFB
:10051000FFFFFFFFFFFFFFFFFFFFFFFFFFFFFFFFEB
:10052000FFFFFFFFFFFFFFFFFFFFFFFFFFFFFFFFDB
:10053000FFFFFFFFFFFFFFFFFFFFFFFFFFFFFFFFCB
:10054000FFFFFFFFFFFFFFFFFFFFFFFFFFFFFFFFBB
:10055000FFFFFFFFFFFFFFFFFFFFFFFFFFFFFFFFAB
:10056000FFFFFFFFFFFFFFFFFFFFFFFFFFFFFFFF9B
:10057000FFFFFFFFFFFFFFFFFFFFFFFFFFFFFFFF8B
:10058000FFFFFFFFFFFFFFFFFFFFFFFFFFFFFFFF7B
:10059000FFFFFFFFFFFFFFFFFFFFFFFFFFFFFFFF6B
:1005A000FFFFFFFFFFFFFFFFFFFFFFFFFFFFFFFF5B
:1005B000FFFFFFFFFFFFFFFFFFFFFFFFFFFFFFFF4B
:1005C000FFFFFFFFFFFFFFFFFFFFFFFFFFFFFFFF3B
:1005D000FFFFFFFFFFFFFFFFFFFFFFFFFFFFFFFF2B
:1005E000FFFFFFFFFFFFFFFFFFFFFFFFFFFFFFFF1B
:1005F000FFFFFFFFFFFFFFFFFFFFFFFFFFFFFFFF0B
:10060000FFFFFFFFFFFFFFFFFFFFFFFFFFFFFFFFFA
:10061000FFFFFFFFFFFFFFFFFFFFFFFFFFFFFFFFEA
:10062000FFFFFFFFFFFFFFFFFFFFFFFFFFFFFFFFDA
:10063000FFFFFFFFFFFFFFFFFFFFFFFFFFFFFFFFCA
:10064000FFFFFFFFFFFFFFFFFFFFFFFFFFFFFFFFBA
:10065000FFFFFFFFFFFFFFFFFFFFFFFFFFFFFFFFAA
:10066000FFFFFFFFFFFFFFFFFFFFFFFFFFFFFFFF9A
:10067000FFFFFFFFFFFFFFFFFFFFFFFFFFFFFFFF8A
:10068000FFFFFFFFFFFFFFFFFFFFFFFFFFFFFFFF7A
:10069000FFFFFFFFFFFFFFFFFFFFFFFFFFFFFFFF6A
:1006A000FFFFFFFFFFFFFFFFFFFFFFFFFFFFFFFF5A
:1006B000FFFFFFFFFFFFFFFFFFFFFFFFFFFFFFFF4A
:1006C000FFFFFFFFFFFFFFFFFFFFFFFFFFFFFFFF3A
:1006D000FFFFFFFFFFFFFFFFFFFFFFFFFFFFFFFF2A
:1006E000FFFFFFFFFFFFFFFFFFFFFFFFFFFFFFFF1A
:1006F000FFFFFFFFFFFFFFFFFFFFFFFFFFFFFFFF0A
:10070000FFFFFFFFFFFFFFFFFFFFFFFFFFFFFFFFF9
:10071000FFFFFFFFFFFFFFFFFFFFFFFFFFFFFFFFE9
:10072000FFFFFFFFFFFFFFFFFFFFFFFFFFFFFFFFD9
:10073000FFFFFFFFFFFFFFFFFFFFFFFFFFFFFFFFC9
:10074000FFFFFFFFFFFFFFFFFFFFFFFFFFFFFFFFB9
:10075000FFFFFFFFFFFFFFFFFFFFFFFFFFFFFFFFA9
:10076000FFFFFFFFFFFFFFFFFFFFFFFFFFFFFFFF99
:10077000FFFFFFFFFFFFFFFFFFFFFFFFFFFFFFFF89
:10078000FFFFFFFFFFFFFFFFFFFFFFFFFFFFFFFF79
:10079000FFFFFFFFFFFFFFFFFFFFFFFFFFFFFFFF69
:1007A000FFFFFFFFFFFFFFFFFFFFFFFFFFFFFFFF59
:1007B000FFFFFFFFFFFFFFFFFFFFFFFFFFFFFFFF49
:1007C000FFFFFFFFFFFFFFFFFFFFFFFFFFFFFFFF39
:1007D000FFFFFFFFFFFFFFFFFFFFFFFFFFFFFFFF29
:1007E000FFFFFFFFFFFFFFFFFFFFFFFFFFFFFFFF19
:1007F000FFFFFFFFFFFFFFFFFFFFFFFFFFFFFFFF09
:10080000FFFFFFFFFFFFFFFFFFFFFFFFFFFFFFFFF8
:10081000FFFFFFFFFFFFFFFFFFFFFFFFFFFFFFFFE8
:10082000FFFFFFFFFFFFFFFFFFFFFFFFFFFFFFFFD8
:10083000FFFFFFFFFFFFFFFFFFFFFFFFFFFFFFFFC8
:10084000FFFFFFFFFFFFFFFFFFFFFFFFFFFFFFFFB8
:10085000FFFFFFFFFFFFFFFFFFFFFFFFFFFFFFFFA8
:10086000FFFFFFFFFFFFFFFFFFFFFFFFFFFFFFFF98
:10087000FFFFFFFFFFFFFFFFFFFFFFFFFFFFFFFF88
:10088000FFFFFFFFFFFFFFFFFFFFFFFFFFFFFFFF78
:10089000FFFFFFFFFFFFFFFFFFFFFFFFFFFFFFFF68
:1008A000FFFFFFFFFFFFFFFFFFFFFFFFFFFFFFFF58
:1008B000FFFFFFFFFFFFFFFFFFFFFFFFFFFFFFFF48
:1008C000FFFFFFFFFFFFFFFFFFFFFFFFFFFFFFFF38
:1008D000FFFFFFFFFFFFFFFFFFFFFFFFFFFFFFFF28
:1008E000FFFFFFFFFFFFFFFFFFFFFFFFFFFFFFFF18
:1008F000FFFFFFFFFFFFFFFFFFFFFFFFFFFFFFFF08
:10090000FFFFFFFFFFFFFFFFFFFFFFFFFFFFFFFFF7
:10091000FFFFFFFFFFFFFFFFFFFFFFFFFFFFFFFFE7
:10092000FFFFFFFFFFFFFFFFFFFFFFFFFFFFFFFFD7
:10093000FFFFFFFFFFFFFFFFFFFFFFFFFFFFFFFFC7
:10094000FFFFFFFFFFFFFFFFFFFFFFFFFFFFFFFFB7
:10095000FFFFFFFFFFFFFFFFFFFFFFFFFFFFFFFFA7
:10096000FFFFFFFFFFFFFFFFFFFFFFFFFFFFFFFF97
:10097000FFFFFFFFFFFFFFFFFFFFFFFFFFFFFFFF87
:10098000FFFFFFFFFFFFFFFFFFFFFFFFFFFFFFFF77
:10099000FFFFFFFFFFFFFFFFFFFFFFFFFFFFFFFF67
:1009A000FFFFFFFFFFFFFFFFFFFFFFFFFFFFFFFF57
:1009B000FFFFFFFFFFFFFFFFFFFFFFFFFFFFFFFF47
:1009C000FFFFFFFFFFFFFFFFFFFFFFFFFFFFFFFF37
:1009D000FFFFFFFFFFFFFFFFFFFFFFFFFFFFFFFF27
:1009E000FFFFFFFFFFFFFFFFFFFFFFFFFFFFFFFF17
:1009F000FFFFFFFFFFFFFFFFFFFFFFFFFFFFFFFF07
:100A0000FFFFFFFFFFFFFFFFFFFFFFFFFFFFFFFFF6
:100A1000FFFFFFFFFFFFFFFFFFFFFFFFFFFFFFFFE6
:100A2000FFFFFFFFFFFFFFFFFFFFFFFFFFFFFFFFD6
:100A3000FFFFFFFFFFFFFFFFFFFFFFFFFFFFFFFFC6
:100A4000FFFFFFFFFFFFFFFFFFFFFFFFFFFFFFFFB6
:100A5000FFFFFFFFFFFFFFFFFFFFFFFFFFFFFFFFA6
:100A6000FFFFFFFFFFFFFFFFFFFFFFFFFFFFFFFF96
:100A7000FFFFFFFFFFFFFFFFFFFFFFFFFFFFFFFF86
:100A8000FFFFFFFFFFFFFFFFFFFFFFFFFFFFFFFF76
:100A9000FFFFFFFFFFFFFFFFFFFFFFFFFFFFFFFF66
:100AA000FFFFFFFFFFFFFFFFFFFFFFFFFFFFFFFF56
:100AB000FFFFFFFFFFFFFFFFFFFFFFFFFFFFFFFF46
:100AC000FFFFFFFFFFFFFFFFFFFFFFFFFFFFFFFF36
:100AD000FFFFFFFFFFFFFFFFFFFFFFFFFFFFFFFF26
:100AE000FFFFFFFFFFFFFFFFFFFFFFFFFFFFFFFF16
:100AF000FFFFFFFFFFFFFFFFFFFFFFFFFFFFFFFF06
:100B0000FFFFFFFFFFFFFFFFFFFFFFFFFFFFFFFFF5
:100B1000FFFFFFFFFFFFFFFFFFFFFFFFFFFFFFFFE5
:100B2000FFFFFFFFFFFFFFFFFFFFFFFFFFFFFFFFD5
:100B3000FFFFFFFFFFFFFFFFFFFFFFFFFFFFFFFFC5
:100B4000FFFFFFFFFFFFFFFFFFFFFFFFFFFFFFFFB5
:100B5000FFFFFFFFFFFFFFFFFFFFFFFFFFFFFFFFA5
:100B6000FFFFFFFFFFFFFFFFFFFFFFFFFFFFFFFF95
:100B7000FFFFFFFFFFFFFFFFFFFFFFFFFFFFFFFF85
:100B8000FFFFFFFFFFFFFFFFFFFFFFFFFFFFFFFF75
:100B9000FFFFFFFFFFFFFFFFFFFFFFFFFFFFFFFF65
:100BA000FFFFFFFFFFFFFFFFFFFFFFFFFFFFFFFF55
:100BB000FFFFFFFFFFFFFFFFFFFFFFFFFFFFFFFF45
:100BC000FFFFFFFFFFFFFFFFFFFFFFFFFFFFFFFF35
:100BD000FFFFFFFFFFFFFFFFFFFFFFFFFFFFFFFF25
:100BE000FFFFFFFFFFFFFFFFFFFFFFFFFFFFFFFF15
:100BF000FFFFFFFFFFFFFFFFFFFFFFFFFFFFFFFF05
:100C0000FFFFFFFFFFFFFFFFFFFFFFFFFFFFFFFFF4
:100C1000FFFFFFFFFFFFFFFFFFFFFFFFFFFFFFFFE4
:100C2000FFFFFFFFFFFFFFFFFFFFFFFFFFFFFFFFD4
:100C3000FFFFFFFFFFFFFFFFFFFFFFFFFFFFFFFFC4
:100C4000FFFFFFFFFFFFFFFFFFFFFFFFFFFFFFFFB4
:100C5000FFFFFFFFFFFFFFFFFFFFFFFFFFFFFFFFA4
:100C6000FFFFFFFFFFFFFFFFFFFFFFFFFFFFFFFF94
:100C7000FFFFFFFFFFFFFFFFFFFFFFFFFFFFFFFF84
:100C8000FFFFFFFFFFFFFFFFFFFFFFFFFFFFFFFF74
:100C9000FFFFFFFFFFFFFFFFFFFFFFFFFFFFFFFF64
:100CA000FFFFFFFFFFFFFFFFFFFFFFFFFFFFFFFF54
:100CB000FFFFFFFFFFFFFFFFFFFFFFFFFFFFFFFF44
:100CC000FFFFFFFFFFFFFFFFFFFFFFFFFFFFFFFF34
:100CD000FFFFFFFFFFFFFFFFFFFFFFFFFFFFFFFF24
:100CE000FFFFFFFFFFFFFFFFFFFFFFFFFFFFFFFF14
:100CF000FFFFFFFFFFFFFFFFFFFFFFFFFFFFFFFF04
:100D0000FFFFFFFFFFFFFFFFFFFFFFFFFFFFFFFFF3
:100D1000FFFFFFFFFFFFFFFFFFFFFFFFFFFFFFFFE3
:100D2000FFFFFFFFFFFFFFFFFFFFFFFFFFFFFFFFD3
:100D3000FFFFFFFFFFFFFFFFFFFFFFFFFFFFFFFFC3
:100D4000FFFFFFFFFFFFFFFFFFFFFFFFFFFFFFFFB3
:100D5000FFFFFFFFFFFFFFFFFFFFFFFFFFFFFFFFA3
:100D6000FFFFFFFFFFFFFFFFFFFFFFFFFFFFFFFF93
:100D7000FFFFFFFFFFFFFFFFFFFFFFFFFFFFFFFF83
:100D8000FFFFFFFFFFFFFFFFFFFFFFFFFFFFFFFF73
:100D9000FFFFFFFFFFFFFFFFFFFFFFFFFFFFFFFF63
:100DA000FFFFFFFFFFFFFFFFFFFFFFFFFFFFFFFF53
:100DB000FFFFFFFFFFFFFFFFFFFFFFFFFFFFFFFF43
:100DC000FFFFFFFFFFFFFFFFFFFFFFFFFFFFFFFF33
:100DD000FFFFFFFFFFFFFFFFFFFFFFFFFFFFFFFF23
:100DE000FFFFFFFFFFFFFFFFFFFFFFFFFFFFFFFF13
:100DF000FFFFFFFFFFFFFFFFFFFFFFFFFFFFFFFF03
:100E0000FFFFFFFFFFFFFFFFFFFFFFFFFFFFFFFFF2
:100E1000FFFFFFFFFFFFFFFFFFFFFFFFFFFFFFFFE2
:100E2000FFFFFFFFFFFFFFFFFFFFFFFFFFFFFFFFD2
:100E3000FFFFFFFFFFFFFFFFFFFFFFFFFFFFFFFFC2
:100E4000FFFFFFFFFFFFFFFFFFFFFFFFFFFFFFFFB2
:100E5000FFFFFFFFFFFFFFFFFFFFFFFFFFFFFFFFA2
:100E6000FFFFFFFFFFFFFFFFFFFFFFFFFFFFFFFF92
:100E7000FFFFFFFFFFFFFFFFFFFFFFFFFFFFFFFF82
:100E8000FFFFFFFFFFFFFFFFFFFFFFFFFFFFFFFF72
:100E9000FFFFFFFFFFFFFFFFFFFFFFFFFFFFFFFF62
:100EA000FFFFFFFFFFFFFFFFFFFFFFFFFFFFFFFF52
:100EB000FFFFFFFFFFFFFFFFFFFFFFFFFFFFFFFF42
:100EC000FFFFFFFFFFFFFFFFFFFFFFFFFFFFFFFF32
:100ED000FFFFFFFFFFFFFFFFFFFFFFFFFFFFFFFF22
:100EE000FFFFFFFFFFFFFFFFFFFFFFFFFFFFFFFF12
:100EF000FFFFFFFFFFFFFFFFFFFFFFFFFFFFFFFF02
:100F0000FFFFFFFFFFFFFFFFFFFFFFFFFFFFFFFFF1
:100F1000FFFFFFFFFFFFFFFFFFFFFFFFFFFFFFFFE1
:100F2000FFFFFFFFFFFFFFFFFFFFFFFFFFFFFFFFD1
:100F3000FFFFFFFFFFFFFFFFFFFFFFFFFFFFFFFFC1
:100F4000FFFFFFFFFFFFFFFFFFFFFFFFFFFFFFFFB1
:100F5000FFFFFFFFFFFFFFFFFFFFFFFFFFFFFFFFA1
:100F6000FFFFFFFFFFFFFFFFFFFFFFFFFFFFFFFF91
:100F7000FFFFFFFFFFFFFFFFFFFFFFFFFFFFFFFF81
:100F8000FFFFFFFFFFFFFFFFFFFFFFFFFFFFFFFF71
:100F9000FFFFFFFFFFFFFFFFFFFFFFFFFFFFFFFF61
:100FA000FFFFFFFFFFFFFFFFFFFFFFFFFFFFFFFF51
:100FB000FFFFFFFFFFFFFFFFFFFFFFFFFFFFFFFF41
:100FC000FFFFFFFFFFFFFFFFFFFFFFFFFFFFFFFF31
:100FD000FFFFFFFFFFFFFFFFFFFFFFFFFFFFFFFF21
:100FE000FFFFFFFFFFFFFFFFFFFFFFFFFFFFFFFF11
:100FF000FFFFFFFFFFFFFFFFFFFFFFFFFFFFFFFF01
:10100000D10020434D1600600000000000000000E9
:10101000201000600010006000C4006000000000AC
:101020000000006000D0000000000000FFFFFFFF94
:10103000FFFFFFFFFFFFFFFFFFFFFFFFFFFFFFFFC0
:10104000FFFFFFFFFFFFFFFFFFFFFFFFFFFFFFFFB0
:10105000FFFFFFFFFFFFFFFFFFFFFFFFFFFFFFFFA0
:10106000FFFFFFFFFFFFFFFFFFFFFFFFFFFFFFFF90
:10107000FFFFFFFFFFFFFFFFFFFFFFFFFFFFFFFF80
:10108000FFFFFFFFFFFFFFFFFFFFFFFFFFFFFFFF70
:10109000FFFFFFFFFFFFFFFFFFFFFFFFFFFFFFFF60
:1010A000FFFFFFFFFFFFFFFFFFFFFFFFFFFFFFFF50
:1010B000FFFFFFFFFFFFFFFFFFFFFFFFFFFFFFFF40
:1010C000FFFFFFFFFFFFFFFFFFFFFFFFFFFFFFFF30
:1010D000FFFFFFFFFFFFFFFFFFFFFFFFFFFFFFFF20
:1010E000FFFFFFFFFFFFFFFFFFFFFFFFFFFFFFFF10
:1010F000FFFFFFFFFFFFFFFFFFFFFFFFFFFFFFFF00
:10110000FFFFFFFFFFFFFFFFFFFFFFFFFFFFFFFFEF
:10111000FFFFFFFFFFFFFFFFFFFFFFFFFFFFFFFFDF
:10112000FFFFFFFFFFFFFFFFFFFFFFFFFFFFFFFFCF
:10113000FFFFFFFFFFFFFFFFFFFFFFFFFFFFFFFFBF
:10114000FFFFFFFFFFFFFFFFFFFFFFFFFFFFFFFFAF
:10115000FFFFFFFFFFFFFFFFFFFFFFFFFFFFFFFF9F
:10116000FFFFFFFFFFFFFFFFFFFFFFFFFFFFFFFF8F
:10117000FFFFFFFFFFFFFFFFFFFFFFFFFFFFFFFF7F
:10118000FFFFFFFFFFFFFFFFFFFFFFFFFFFFFFFF6F
:10119000FFFFFFFFFFFFFFFFFFFFFFFFFFFFFFFF5F
:1011A000FFFFFFFFFFFFFFFFFFFFFFFFFFFFFFFF4F
:1011B000FFFFFFFFFFFFFFFFFFFFFFFFFFFFFFFF3F
:1011C000FFFFFFFFFFFFFFFFFFFFFFFFFFFFFFFF2F
:1011D000FFFFFFFFFFFFFFFFFFFFFFFFFFFFFFFF1F
:1011E000FFFFFFFFFFFFFFFFFFFFFFFFFFFFFFFF0F
:1011F000FFFFFFFFFFFFFFFFFFFFFFFFFFFFFFFFFF
:10120000FFFFFFFFFFFFFFFFFFFFFFFFFFFFFFFFEE
:10121000FFFFFFFFFFFFFFFFFFFFFFFFFFFFFFFFDE
:10122000FFFFFFFFFFFFFFFFFFFFFFFFFFFFFFFFCE
:10123000FFFFFFFFFFFFFFFFFFFFFFFFFFFFFFFFBE
:10124000FFFFFFFFFFFFFFFFFFFFFFFFFFFFFFFFAE
:10125000FFFFFFFFFFFFFFFFFFFFFFFFFFFFFFFF9E
:10126000FFFFFFFFFFFFFFFFFFFFFFFFFFFFFFFF8E
:10127000FFFFFFFFFFFFFFFFFFFFFFFFFFFFFFFF7E
:10128000FFFFFFFFFFFFFFFFFFFFFFFFFFFFFFFF6E
:10129000FFFFFFFFFFFFFFFFFFFFFFFFFFFFFFFF5E
:1012A000FFFFFFFFFFFFFFFFFFFFFFFFFFFFFFFF4E
:1012B000FFFFFFFFFFFFFFFFFFFFFFFFFFFFFFFF3E
:1012C000FFFFFFFFFFFFFFFFFFFFFFFFFFFFFFFF2E
:1012D000FFFFFFFFFFFFFFFFFFFFFFFFFFFFFFFF1E
:1012E000FFFFFFFFFFFFFFFFFFFFFFFFFFFFFFFF0E
:1012F000FFFFFFFFFFFFFFFFFFFFFFFFFFFFFFFFFE
:10130000FFFFFFFFFFFFFFFFFFFFFFFFFFFFFFFFED
:10131000FFFFFFFFFFFFFFFFFFFFFFFFFFFFFFFFDD
:10132000FFFFFFFFFFFFFFFFFFFFFFFFFFFFFFFFCD
:10133000FFFFFFFFFFFFFFFFFFFFFFFFFFFFFFFFBD
:10134000FFFFFFFFFFFFFFFFFFFFFFFFFFFFFFFFAD
:10135000FFFFFFFFFFFFFFFFFFFFFFFFFFFFFFFF9D
:10136000FFFFFFFFFFFFFFFFFFFFFFFFFFFFFFFF8D
:10137000FFFFFFFFFFFFFFFFFFFFFFFFFFFFFFFF7D
:10138000FFFFFFFFFFFFFFFFFFFFFFFFFFFFFFFF6D
:10139000FFFFFFFFFFFFFFFFFFFFFFFFFFFFFFFF5D
:1013A000FFFFFFFFFFFFFFFFFFFFFFFFFFFFFFFF4D
:1013B000FFFFFFFFFFFFFFFFFFFFFFFFFFFFFFFF3D
:1013C000FFFFFFFFFFFFFFFFFFFFFFFFFFFFFFFF2D
:1013D000FFFFFFFFFFFFFFFFFFFFFFFFFFFFFFFF1D
:1013E000FFFFFFFFFFFFFFFFFFFFFFFFFFFFFFFF0D
:1013F000FFFFFFFFFFFFFFFFFFFFFFFFFFFFFFFFFD
:10140000814205D051F8043B40F8043B8242F9D8B0
:10141000704700BF044A05494FF0000342F8043BFF
:101420009142FBD8704700BFC01A00200020002066
:101430002DE98848BFF34F8F00BF00BF00BF00BF3A
:1014400000F0D6F9684B0822C3F8542100BF00BF52
:1014500000BF00BF00BF00BF00BF00BF00BF00BF94
:1014600000BF00BF00BF00BF00BF00BF5F4A6049B0
:101470006048FFF7C5FF604A60496148FFF7C0FF59
:10148000604CFFF7C7FF4FF470004FF0E0210023DE
:101490005D4AC1F8880D44F823200133B02BFAD1FE
:1014A0005A4B80215A4A03F8011B9342FBD14FF05B
:1014B000E0254D4E4FF08039DFF884B1DFF884A18C
:1014C0004FF0FF31C5F8084D0027C6F80491C6F863
:1014D00000B1C6F8F490C6F8F0A0D5F8243DDFF8C6
:1014E000688143F4E0234B4AC5F8243DD8F81C300A
:1014F00023F07F0343F04003C8F81C30D8F82430B1
:1015000023F07F0343F04003C8F824309166D1668E
:101510001167516700F074F93F4B4049A363404B9A
:10152000E36363236B610323AF612B613D4BC5F81C
:10153000203DD5F8FC3D43F08073C5F8FC3D3A4BA7
:101540001A6842F001021A605B680B6000F0A2FBAF
:10155000C6F804913548C6F800B1C6F8F490C6F84C
:10156000F0A000F031FDD8F86C10314B314A41F455
:101570004051C8F86C101F60C3F80871C3F81871A7
:10158000C3F82871C3F83871936BDB0708D442F6AF
:101590001563294951651365936B43F00103936308
:1015A000244A264C936843F00113936000F0B0F98D
:1015B00000F0D4FC00F020FD00F09AFB00F01AF9D6
:1015C0002368132BFCD900F02BFC2368B3F5967F1E
:1015D000FBD300F013F900F00FF900F0F9FC00F074
:1015E000FBFC30BFFDE700BF00800D409084000091
:1015F0000822006000000000C01A00209CA60060C5
:101600000000002000180020590B000000E400E05A
:10161000A0E400E000C00A40791F00009C1F0020E9
:101620007D1F000000002020001000E00046C323C2
:101630000040084000400D400000C056A01F0020A0
:101640001B1018200C0D111300C00F40054B4FF458
:101650002A01054A05485A641864054A9963954663
:10166000FFF7E6FE00C00A40AFAAAAAA07002000C2
:101670000000072043690A4A03EB011010B4037A03
:10168000084C02EB0313D3E901321460C2681A60FC
:1016900003690BB142691A605DF8044B704700BFE3
:1016A0004006002061F801004369027E03EB02124C
:1016B00092F808C08C451CD01A7AFF2A19D09142A2
:1016C00010B5044616D01A7EFF2A06D00121D3E9B0
:1016D000002312681A4201D1217610BD064B052263
:1016E000204603EB0C135B681A60FFF7C3FF2176FB
:1016F000F3E770470021EAE74006002043690A4A01
:1017000003EB011010B490F82830084C02EB0313DF
:10171000D3E901321460C26A1A60036B0BB1426BE9
:101720001A605DF8044B70474006002061F8010024
:101730004369427E03EB021292F828C08C451ED00A
:1017400093F82820FF2A1AD0914210B5044617D0EA
:1017500093F83820FF2A06D00121D3E9002312682C
:101760001A4201D1617610BD064B0522204603EBDB
:101770000C135B681A60FFF7C1FF6176F3E77047EF
:101780000021EAE740060020164942698B6B23F4EA
:101790007C0343F4802370B58B630446124DD2E979
:1017A00000130A681A4303690A60022200211A61C1
:1017B0000E4A19619A6401225A629D624FF43035D3
:1017C000DD624FF001159E6C1E6519629D651A6100
:1017D000017EFFF74FFF617E2046BDE87040FFF7B6
:1017E0008DBF00BF00C00F40B80B05053B3728195F
:1017F000704700BF704700BF704700BF00BF704711
:1018000010B44FF0E023002110243148C3F8941D98
:10181000C3F89C4D1124C3F8A00D2E48C3F89C4D6D
:101820001224C3F8A00D2C48C3F89C4D2B4AC3F8D2
:10183000A00D2B4C42F015022A48C3F89C4DC3F86A
:10184000A00D294C2948C3F89C4DC3F8A00D284C85
:10185000C3F89C2D2748284AC3F8A04DC3F89C0D17
:10186000C3F8A02D02F5A022244C0C322448C3F862
:101870009C4DC3F8A02D234AC3F89C0D224CC3F8FD
:10188000A02D02F14062C3F89C4D2048C3F8A02D62
:101890000C32C3F89C0DC3F8A02D00BF00BF00BFE1
:1018A00000BF00BF0122C3F8942DBFF34F8FBFF3D9
:1018B0006F8FC3F8501FBFF34F8FBFF36F8FD3F8F5
:1018C000142D5DF8044B42F44032C3F8142D7047D8
:1018D0003F0000102500080709001000002000202C
:1018E0001300200021000207140000202500081327
:1018F000090000101600202027000B1317000040DD
:10190000180000602F000B07190000701A000080FB
:10191000F0B5B84B1822B84E0120B84F83B0C3F8C9
:101920005C62B749C3F86072B64DC3F86462A6F54D
:101930003046B54CC3F86862C3F86C52C3F87052B5
:10194000C3F87452C3F8785248F20C75DA661A6715
:101950005A679A67DA67C3F88020C3F88420C3F80F
:101960008820C1F82C03A94AC1F83003C1F8340318
:10197000C1F83803C1F83C03C1F85003A169A44B76
:101980000A40A448A4491343A44AA361D4F884306C
:1019900043F00C03C4F884304FF0FF34036843F085
:1019A0000203036003682B404FF400551A439C4B1D
:1019B000026044608A689B4C13409B4A43F000538A
:1019C0008360C36823F07803C360036A1340234332
:1019D0000362036A1340954A2343954C4362826233
:1019E000C2620022D1F8B83023F03F0343F0010374
:1019F000C0F8B830D1F8BC308E4923F03F0343F033
:101A00000103C0F8BC3040F205630261056604675B
:101A1000C0F88030456644670224C0F8843003680B
:101A200023F0020303608161834B8449C46143F85E
:101A3000042B8B42FBD1774A136843F001031360F8
:101A4000136813F00103FBD17A48022140F2F564D8
:101A5000906140F29940D16140F26641C2F8004283
:101A600042F20144C2F810127549C2F82002C2F8CD
:101A7000301240F235417348C2F83442C2F8401285
:101A8000714CC2F8500242F201207049C2F854125F
:101A90000121C2F86042C2F864025E48C2F8A03078
:101AA000C2F8A430C2F8B0104369DA07FCD50123AC
:101AB00000244FF4803257494361C0F8A040C0F879
:101AC000A420C0F8B0304B69DB07FCD5012300240B
:101AD0004FF400304F4A4B61C1F8A040C1F8A40058
:101AE000C1F8B0305369DF07FCD501230024584802
:101AF00048495361C2F8A040C2F8A400C2F8B0300F
:101B00004B69DE07FCD5D1F8003145F60D52212096
:101B10009BB24861934265D100244FF48022012397
:101B20003C48C1F8A040C1F8A420C1F8B0304369D6
:101B3000DD07FCD501234FF400040021354A436141
:101B4000C0F8A040C0F8A410C0F8B0305369DC075A
:101B5000FCD501234FF400044FF480302D4953612C
:101B6000C2F8A040C2F8A400C2F8B0304B69D80750
:101B7000FCD501234FF400044FF40030254A4B619B
:101B8000C1F8A040C1F8A400C1F8B0305369D9072A
:101B9000FCD501234FF400042D481E495361C2F8BF
:101BA000A040C2F8A400C2F8B0304B69DA07FCD5F7
:101BB000D1F8003145F60D5221209BB24861934285
:101BC00050D008254FF4000422490020224B234A1C
:101BD000009015705A1A01232148224400F008FA97
:101BE00003B0F0BD1E4B0022C3E90022C3E902226C
:101BF00003B0F0BD00801F40F9B00100F9100100F2
:101C000000841F40F970010000C00F40FFFCFF1F5F
:101C1000000300A000402A4000802A401200FFFF7D
:101C2000FF37F7004000008000FFF07CFF000F83CB
:101C300063000200F05AF05A00422A4000432A4052
:101C40009F041830EB06180A3806180A06320126D7
:101C5000040003000000007000000070C61F002098
:101C6000281F00204FF400044FF48022012308486D
:101C7000C1F8A040C1F8A420C1F8B0304369DB0727
:101C8000FCD5012310254FF0807443619CE700BF11
:101C900000402A40F0B4154A40274FF480314FF4F9
:101CA00080564FF400554FF4404443F2420013690C
:101CB00013F0020F0ED113F4005F0FD013F4805F06
:101CC0000ED0002BF3DA13F4803F0BD15B060BD55B
:101CD000F0BC7047946151619061E8E75561E6E7B7
:101CE0005661E4E79161E2E75761E0E700800D406B
:101CF0003F4A03203F49F3EE095AD2F880304FF0B3
:101D0000000C9FED3D6A23F001039FED3C5A30B477
:101D1000C2F88030C2F89000D1F8E010384DCBB254
:101D2000384C39482B6007EE903A0B0DC1F30B216C
:101D3000F8EEE77A06EE903A07EE101A334BB8EE5B
:101D4000C77A2160F8EEE66A314937EEC66A37EEA7
:101D5000C55A76EEC76A77EEE57A26EE266AC3EDB7
:101D6000006A25EE265AD2F8803067EEA64AC0ED0A
:101D7000007AC6EE275A274885EE276AC4EEA76A7E
:101D800075EE875AFCEEE55A36EE076A15EE904A74
:101D9000BCEEC66A43EA045376EE877AC2F8803016
:101DA00016EE103AD2F89041FCEEE77A01EA0341D0
:101DB000214317EE903AC2F89011C3F30B03D2F807
:101DC00090110B431449C2F89031D2F8803043F09F
:101DD0000203C2F88030114B80F840C0C1F8403196
:101DE0004FF0E023012230BCC3F80821704700BF48
:101DF00000810D4000441F400000AA420000B44290
:101E00008C1F0020881F0020901F0020941F00209E
:101E10000000FF0F00E400E000180020410D00006A
:101E2000314B40F6617210B5C3F8202140F20444F2
:101E300000F0D6F82D4A2E49D2F880302D4843F0D4
:101E40000303C2F880302C4BC1F8604102681A428B
:101E500003D1D1F8A8319A071BD0254A4FF0004191
:101E6000244B5963D2F8403143F00203C2F84031A9
:101E7000D2F840319B07FBD44FF400304FF0E02103
:101E80001C4B4FF00042C1F88C0219209A6300F0FD
:101E9000ABF8184A4FF08040154C002190630A209F
:101EA000164B11604FF42072C4F8A801184600F0D8
:101EB00087F84FF4800203464FF4810040F243114B
:101EC0001860C4F858311A640D4B0E4AC4F8481112
:101ED000C3F804224FF0E0224FF400310123C2F88E
:101EE0000C11C4F8403110BD00800D4000C00F40FF
:101EF00000002E4000900D40001C1E00000000203D
:101F000000180020290F000008B50E4B1B6E9B0720
:101F100000D4FBBE72B60C4B00200C4AC3F8400143
:101F200003F160430A49A3F55F2311649D46BFF3A3
:101F30004F8F4FF400130748074ADB6902609B6824
:101F4000984700BF00441F4000002E4000C00A40D8
:101F50000300200000802020000012EB104BA02086
:101F6000104AD96E41F4403110B4D96640F237645A
:101F7000D96E41F44071D96654649064936C1B0629
:101F8000FCD4094A40F23761A02351649364936CF6
:101F900013F08003FBD1054A13705DF8044B7047C2
:101FA00000C00F4000400C4000800C40C51F0020C6
:101FB000F8B500BFF8BC08BC9E46704700000000A2
:101FC0005FF800F0ED3000005FF800F0550500000C
:101FD0005FF800F0D93200005FF800F0B1090000AE
:101FE0005FF800F0991600005FF800F04508000067
:101FF0005FF800F07D2100005FF800F0192000007C
:102000004500000075000000950000005D03000021
:1020100080C00F4000000003190000001000000005
:10202000E8841F4001000000FF000000FF000000E6
:102030000000000000000000180000001000000078
:10204000E4841F4001000000FF000000FF000000CA
:1020500000000000000000001F000000ED04000070
:1020600070C00F40000C00001100000011000000C3
:10207000E0841F40020000002C000000120000005D
:10208000E0841F400100000010000000110000006B
:10209000DC841F40020000002D0000001200000040
:1020A000DC841F40010000001E000000E10400006D
:1020B00070C00F40C00000001200000013000000BC
:1020C000D0841F4001000000FF000000FF0000005E
:1020D00000000000000000001300000013000000DA
:1020E000CC841F4001000000FF000000FF00000042
:1020F00000000000000000001C000000D5040000EB
:102100001603550053004200200053006500720082
:10211000690061006C000000180354006500650050
:102120006E00730079006400750069006E006F0036
:102130000403090409026200030100C032080B0015
:10214000020202010009040000010202010005244C
:1021500000100105240101010424020605240600E3
:10216000010705820310001009040100020A0000A3
:102170000007050302400000070584024000000933
:1021800004020002FF6AFF00070581024000010708
:10219000050102400001000009026200030100C0C5
:1021A00032080B00020202010009040000010202D1
:1021B0000100052400100105240101010424020688
:1021C000052406000107058203100005090401002B
:1021D000020A00000007050302000200070584024E
:1021E0000002000904020002FF6AC700070581021D
:1021F0000002010705010200020100000A060002B8
:08220000EF02014001000000A3
:1022080000000000000000000000000000000000C6
:1022180000000000000000000000000000000000B6
:102228000548064B1B1AD90F01EBA301491002D030
:10223800034B03B118477047C01A0020C01A00208A
:102248000000000008B5054B1BB105490548AFF370
:102258000080BDE80840FFF7E3BF00BF00000000B2
:10226800381F002000D0006000207047084601F0A9
:1022780061BE00BF38B5064C00258022294604F10E
:102288000800C4E9005503F031F884F8885038BDD7
:10229800D01C0020034B00224FF4FA71C3E900223E
:1022A800996070475C1D0020C821032210B44FF4C8
:1022B80080740161062104810824C0E90722C0E96D
:1022C80005415DF8044B704738B504460846154685
:1022D8000121E360C4E90002C0B200F031FC012131
:1022E800E8B200F02DFC2079012100F029FC2078CB
:1022F800012100F025FC2079012100F0F7FB20786E
:102308000121BDE8384000F0F1BB00BF03682DE9AA
:10231800F047DBB22E4E4FEA031806EB031356F8CC
:102328000890DB68002950D0C9F884300379294C1B
:102338004FEA031C284F06EB0313DFF8A0A056F85A
:102348000CE0DB68CEF8843065683A68AAFB02A224
:10235800920C02EB820263685B1B9A42FBD8B04482
:10236800D8F80C3071B3C9F88430B444194CDCF88F
:102378000C30CEF88830194B65683A68A3FB0232F6
:10238800920C02EB8202920063685B1B9A42FBD8B4
:10239800D0ED047A79B1F8EEE77ADFED116A86EECE
:1023A800A77A104B0120D3ED007A77EE877AC3ED38
:1023B800007ABDE8F087F8EEE77ADFED0B6A86EE83
:1023C800A77AEEE7C9F88830CFE7C9F88830ADE7D3
:1023D80040060020001000E0FC0B002083DE1B43B9
:1023E8006666E63F981D00206666E6BF90ED037AB4
:1023F80038B50D4BB8EEC77AD3ED007AD7EE007A30
:10240800F5EE407AF1EE10FA0DD0F5EEC07A0546F9
:10241800064CF1EE10FACCBF417A017A2846FFF754
:1024280075FF013CFAD138BD981D002000CA08008C
:102438002DE9F843194D40F2EE28194C194FDFF8F1
:1024480078902E6801F00AFE2378D3B13B78DB0739
:1024580017D52B68D9F800209B1A0E2B11D91248D2
:1024680008F006F90123192218211048FFF72CFF5C
:1024780015210F4801F074FD0E48BDE8F84300F03F
:102488003BB92B6822789B1B2AB1B3F5FA6FE6D8C3
:1024980001F0E4FDD6E74345FAD9E0E7A01F0020A4
:1024A800CE1F0020CD1F0020100C0020881C00200B
:1024B800D4090020000C0020B01F0020F8B5214EE0
:1024C800214DD6ED007A214C2946B7EEE77A204F08
:1024D800204653EC172B00F02BF94FF47A7000F0DC
:1024E800B1FAF3EE040A9FED1B0A38464FF4C861AF
:1024F800FFF77CFFD6ED007A29462046B7EEE77A4B
:1025080053EC172B00F014F94FF47A7000F09AFA94
:102518003846F3EE040A4FF4C8619FED0F0AFFF73F
:1025280065FFD6ED007A29462046B7EEE77A53ECE8
:10253800172B00F0FDF84FF47A70BDE8F84000F072
:1025480081BA00BF981D0020B0090020000C0020AF
:10255800881C00200000B4420000B4C208B504483A
:10256800FFF7A2FE0348BDE80840FFF79DBE00BF85
:10257800AC1C0020881C002090F8A32090F8A20032
:10258800101A704790F8A23090F8A3209A4205D903
:102598005A1C034480F8A220987E70474FF0FF3001
:1025A800704700BF90F8A23090F8A3209A4202D951
:1025B8001844807E70474FF0FF307047704700BF67
:1025C8000346B0F8300178B193F82F21882A03D94F
:1025D800012200205A60704702F1010C01201A44C0
:1025E80083F82FC182F8A510704700BF38B5B0F83E
:1025F80030410CB9204638BD90F82F310546C3F15B
:102608008904A2420DD8144605F1A50022461844B3
:1026180000F0D6FA95F82F312046234485F82F315B
:1026280038BD01224260EFE7F8B506690446D6F8DE
:10263800145115F4706301D0C6F81431A8070BD5EE
:10264800D6F8702111043DD50023012184F8A23069
:10265800234484F8A3109A76EA0710D594F83071C9
:10266800F7B194F82E7194F82F31BB4226D97B1C10
:10267800274484F82E3197F8A530C6F86031AB05A9
:102688000DD594F8A30018B1D4F83C3103B198479C
:102698000023A4F8A230A4F82E3184F83031F8BD14
:1026A800D4F8383103B19847002384F82E31012338
:1026B80084F8303194F82F31BB42D8D80023C6F8BB
:1026C8006031DCE794F8A330872BC5D8591CC9B210
:1026D800BEE700BF0148FFF7A7BF00BF100C0020EE
:1026E8000148FFF7A1BF00BF500D00200148FFF7C8
:1026F8009BBF00BF900E002000B5036883B040F672
:102708000D2C022201A95B68ADF804C0984703B0FC
:102718005DF804FB054B022888BF034610B41C680B
:10272800184663685DF8044B184700BF000C00208A
:102738000EB400B582B003AA52F8041B019202F04D
:1027480019FD02B05DF804EB03B0704701F0E2BB7D
:1027580001F07ABBA249A34B88422DE9F047A24C6D
:102768005E699A69D4F80C801BD9A04B984240F254
:102778000281C31A9E491B0AA1FB031340F2276179
:10278800DB0903EB830303EB830303F2E2438B428E
:1027980028BF0B46A3F54877964BA3FB0737FF08DE
:1027A80004E0954FB8428CBF0E2706278D4908F0E4
:1027B8001F09D1F88030B94543F0C003C1F8803013
:1027C8000CD228F01F08A1F5F82148EA0708C1F83B
:1027D8000C800B68002BFCDA08F01F0916F0007358
:1027E80024D186490C698649A14300F0EA8082F425
:1027F800805134464FF4805514F0605F04D026F0C1
:1028080060561E43774B5E6111F4405F07D022F497
:10281800405274492A438A618B6C1A07FCD446F0EB
:102828000076704A5661936C9B06FCD4754CA042A6
:1028380000F2CE804FF0010C0146634603FB011203
:1028480003F1010E0CF10105A24218D8BEF1080FE0
:102858004FF0010340F08D80BCF1040F00F291802D
:102868000A18A24200F2A48005FB00F1AC4603F16D
:10287800010E03FB01120CF10105A242E6D90CF18D
:10288800FF318C0286EA81215F4810445F4A9042FA
:102898007FD9DFF8A4A16C225D48584DB0FBFEF04B
:1028A800D5F800E0B0FBFCF0DFF890C10EEA0C0CA4
:1028B800D44509D042F400524FF4805CC5F800C0FA
:1028C8002A602A68002AFCDA464A156905F00705D5
:1028D8009D4203D01361936CDD03FCD411F4E05FD7
:1028E80009D026F4E05604F4E0543E4A26435661E3
:1028F800936C9907FCD44749474A014491423CD814
:10290800464BC909A3FB0131090B4B1E1B0286EA82
:10291800030212F4407F06D026F4407603F4407395
:10292800304A334353612F4A536923F0007353618C
:10293800936C9B06FCD43A4B4F45A3FB00234FF006
:10294800FF324FEA9343B0FBF1F1B2FBF3F3354AA0
:102958001060354A1160354A136008D228F01F0804
:10296800214A48EA0707D7601368002BFCDABDE85C
:10297800F087734662E7122718E74FF44073042183
:10298800C5E70CF1FF31204807238C02104486EA82
:102998008121274ADFF8A8A0A2FB0020020D2548C4
:1029A800362A38BF362202FB00F042EA0A0A74E7E8
:1029B8004FEA8C24002386EA8C214FF0010EAC46A6
:1029C80062E71D4686F0C05411464FF0C05313E726
:1029D80000244FF0010C024631462346E64653E7F1
:1029E80000A4781F00C00F40000008400046C32321
:1029F80023B24C001F85EB5100366E0100800D405C
:102A080040300080FFB19F26808D5B00FF7EF64D31
:102A180000643F4D7FD1F0087F17B42C9F10E5006C
:102A280083DE1B43FC0B0020F80B0020981F0020BE
:102A3800819F5E16001BB7006C2000807F300180EC
:102A48000020008000B970472DE9F84F0121814628
:102A5800214C224D224E54E8003F2A68306844E851
:102A68000013002BF7D11F494B684FF47A7BDFF82E
:102A780078A01B1A01270BFB02F8DAF80020A3FB49
:102A880002325A4594BF9044D84454E8003F2A681B
:102A9800306844E80073002BF7D14B68DAF800C0BF
:102AA8001B1A0BFB02F2A3FB0C3CBCF57A7F94BF0C
:102AB800624402F57A72A2EB0802B2F57A7F06D375
:102AC800B9F1010908F57A78DFD1BDE8F88F01F08E
:102AD800C5FA0449D9E700BFA41F0020A01F0020A1
:102AE8009C1F0020001000E0981F0020362816D8F0
:102AF8000201104B03EB00109B5810B4C2685C68CD
:102B0800144205D061B95DF8044BC3F888207047BA
:102B1800836851B1084A5DF8044B1A6070477047E2
:102B28005DF8044BC3F884207047044A5DF8044BF1
:102B38001A6070474006002038F001003830010064
:102B4800362829D8164B0201012903EB00109A58A0
:102B580010B45368C4680ED004290CD023EA0403C7
:102B680053608368A9B1022917D003290CBF0D4A05
:102B78000D4A1A6007E0234301295360836808D08F
:102B880040F638021A60436815225DF8044B1A6053
:102B9800704738221A60F6E77047044A1A60F2E76D
:102BA80040060020383001003800010038F00100EC
:102BB80008B5FFF73DFCFFF781FC01F04FFAFAE793
:102BC800844641EA000313F003036DD1403A41D330
:102BD80051F8043B40F8043B51F8043B40F8043BEF
:102BE80051F8043B40F8043B51F8043B40F8043BDF
:102BF80051F8043B40F8043B51F8043B40F8043BCF
:102C080051F8043B40F8043B51F8043B40F8043BBE
:102C180051F8043B40F8043B51F8043B40F8043BAE
:102C280051F8043B40F8043B51F8043B40F8043B9E
:102C380051F8043B40F8043B51F8043B40F8043B8E
:102C480051F8043B40F8043B51F8043B40F8043B7E
:102C5800403ABDD2303211D351F8043B40F8043B1E
:102C680051F8043B40F8043B51F8043B40F8043B5E
:102C780051F8043B40F8043B103AEDD20C3205D32E
:102C880051F8043B40F8043B043AF9D2043208D026
:102C9800D2071CBF11F8013B00F8013B01D30B8898
:102CA80003806046704700BF082A13D38B078DD076
:102CB80010F003038AD0C3F10403D21ADB071CBF48
:102CC80011F8013B00F8013B80D331F8023B20F8B2
:102CD800023B7BE7043AD9D3013A11F8013B00F8EB
:102CE800013BF9D20B7803704B7843708B78837073
:102CF8006046704701F1FF3C70B56646002400E06D
:102D08000134B0FBF2F502FB1503092B03F1370E72
:102D180003F130035FFA8EFE98BF5FFA83FE90429C
:102D2800284606F801EFEBD2631C0022C818CA54E3
:102D38007CB162461CF8015F10F8016DA1EB0C0331
:102D480002328CF80060013B521A057023449A4203
:102D5800EFDB084670BD00BF72B6EFF30583524C37
:102D6800C4F884301EF0040F0CBFEFF30882EFF3B1
:102D780009824FF0E0234D4E4D4DD3F8280DD3F87E
:102D88002C1DC4E92201D3F8341DD3F8383DC4E919
:102D980024139369C4F89830D369C4F89C3000F0C0
:102DA800D1F884ED280A01F0B1FA0B214FF0FF3277
:102DB800C4F8A4000B46C4F880103E49301D5A40A0
:102DC800202402F00103013C01FB03F383EA5202D1
:102DD800F7D1A84202D073680646EFE7324BC3F832
:102DE800A820BFF34F8F4FF0E0233049324AC3F891
:102DF800701FC3F8702FBFF34F8FBFF36F8F2F4A29
:102E080002252F48D36E2F4943F44053D3660560FB
:102E1800D3692D4823F07F0343F04003D3610B6847
:102E280083423DD8264D00214FF0E0234FF0FF327A
:102E380029600126C5F808112449C5F80011C5F80C
:102E48000861C3F88021C3F88421C3F88821C3F836
:102E58008C21C3F8902101E000F066F9D5F80C3117
:102E6800002BF9D00134C5F80C614F2CF4D9184B5C
:102E7800022018494FF00042C1F840015A63D5F8C2
:102E88000C313BB9144815490D4A0163D2F80C318D
:102E9800002BFAD04FF0E023114AC3F80C2DFEE7BF
:102EA800FFF758FCBEE700BF00FF272080FF272060
:102EB800A8FF27202083B8EDA0FF272000C00F40DF
:102EC80000400840FC0B0020803DCD0B009F2400F3
:102ED80000900D4000002E4000800F40F100AD0B27
:102EE8000400FA050A490A6838B108B513180948F0
:102EF800834204D810460B6008BD1046704702F0A4
:102F0800E5FA0C234FF0FF320360104608BD00BFFE
:102F1800D00F002000002820002070474FF0FF301D
:102F2800704700BF4FF4005300204B60704700BF4C
:102F3800012070474FF0FF30704700BF30BFFDE7FA
:102F4800FFF70ABF124AD2F880305B07FBD5D2F8E8
:102F580080301048C3F30B230F4990ED007A07EE39
:102F6800903A91ED006AB8EE477A0C4AF8EEE77AA3
:102F78000B4BD2ED006A77EEC77A93ED007AB8EE84
:102F8800477A67EE867A87EEA60A37EE400A7047D8
:102F980000810D40881F0020901F0020941F0020F2
:102FA8008C1F0020836BF0B41BB1536843F40043BB
:102FB800536072B6446B3CB31A4B2260D3F8B041ED
:102FC8000C421DD1184E776804E07468E41BB4F510
:102FD800166F0BD2D3F8404144F48044C3F8404103
:102FE800D3F8B851D3F840416404EED50D4007D169
:102FF8000C4CC0E90225D4F8B0310B43C4F8B03109
:10300800426362B6F0BC7047064DC0E90224D5F8A9
:10301800B0310B43C5F8B0310263426362B6F0BC0D
:10302800704700BF00002E40001000E070B5056B2F
:103038009DB106462A46002403E012680134012A9D
:103048000CD0536813F08003F7D032632CB12846B4
:10305800B36B2D689847013CF9D170BDC6E90C33B4
:10306800F4E700BF30B4D9B91F4C204B0021204AE7
:1030780001254FF0011099601D60C4E902318024D8
:103088005C60C2F8BC01D2F8B0311A482B43C2F8D0
:10309800B0310160D2F8B031002BFBD130BC7047A1
:1030A8000904154B104C012541F080019860104A25
:1030B800596000F580511D60D96000F50051A36486
:1030C800196100F5405100F580405961002198616F
:1030D800E164D2F8B03143F48033C2F8B031D2F8A9
:1030E800B031002BFBD1C0E700000020C01A00203F
:1030F80000002E401C1F0020E01A00200849012271
:103108000B7802FA00F023EA0000087030B9054A8B
:10311800D2F8483123F08003C2F84831704700BF25
:10312800C91F002000002E402DE9F04F974C83B0B6
:10313800D4F84471FB07C4F8447153D5D4F8AC21D2
:10314800002A4AD0924EDFF860A2DFF87492DFF8C6
:1031580074B2DFF87482C4F8AC21D6E90A20D4F836
:10316800403143F40053C4F84031D4F840319D0451
:10317800F5D5D4F8403123F40053C4F840314FF06A
:103188000113C4F8B431D4F8B45115F00115FAD1CB
:1031980093B28446CAF80050B3F5086F00F0CF81A7
:1031A80000F2DB8040F202318B4200F0E78100F24E
:1031B8009A80822B00F0CB81B3F5817F40F08A8022
:1031C80010F0780F83B200F003824FF00113C4F8B7
:1031D800C031D4F8AC21002ABDD16C4AD2F8BC3138
:1031E800002B42D17E0616D5684BD3F8AC21C3F824
:1031F800AC21D3F8BC21C3F8BC21D3F8B041002CD2
:10320800FBD14FF0FF32C3F8B421D3F8843100F07A
:1032180029FD604B1C60FC0103D55F4B1B6803B1A3
:103228009847B80103D55D4B1B6803B198477907E8
:1032380008D5564BD3F8843113F4007347D0584B54
:1032480001221A70514BD3F848311A060AD53B06A9
:1032580008D5544A13782BB1013BDBB21370002B0D
:1032680000F0728203B0BDE8F08F4F49C2F8BC315C
:103278000868034240F0D181464A14681C40B1D026
:103288005FEA144810D0424E4FF0010998FAA8F5A9
:10329800B5FA85F506EBC51009FA05F54030FFF7D4
:1032A800C5FE38EA0508F1D1A4B2002C9AD0384EF0
:1032B8004FF0010894FAA4F5B5FA85F506EBC510A8
:1032C80008FA05F5FFF7B2FEAC43F3D18AE7344AB2
:1032D8001370B7E7802B7FF478AF3448022105805C
:1032E800FFF7C0FE75E7B3F5A06F00F00B81A3F5FB
:1032F800D063012B3FF669AF2D4B5D68002D3FF47D
:1033080064AF1FFA8CFC4FEA124E04E01D690C33BF
:10331800002D3FF45AAF1A887245F7D15A88624592
:10332800F4D14FEA1E22032A00F0A5811A89000C65
:10333800824228BF0246BEF5007F40F0A181184BAB
:103348001C4918781C4B0192002818BF19461B48C5
:10335800FFF736FC194D019AE1E142F221218B4237
:103368007CD033D942F221318B4200F081804FF674
:10337800C0018B427FF429AF10F47F4F83B27FF4F2
:1033880024AF43F46E4363F30F0CB5E700002E40FF
:1033980000000020201F0020B41F0020B81F0020BC
:1033A800CF1F0020D01F00201C1F0020501F00200E
:1033B800300A00203421006098210060000020209D
:1033C800141F00205DCFC6B8C0012E40B3F5106FA2
:1033D80066D042F221018B427FF4F7AE030C072B33
:1033E8007FF4F3AEB24BB349F560D960B249B3602C
:1033F800C3F80890C1E9002001221A60AF4A5A6058
:10340800AF4A1A61D4F8B01141F00101C4F8B01103
:1034180002F5805102F5005259619A61D4F8B03131
:10342800002BFBD1A74AF36493600123B2641360B5
:1034380048F2800353604FF00113C4F8BC31D4F84C
:10344800B03143F48033C4F8B0314FF48033CAF854
:103458000030D4F8B031002BFBD1BAE680B238B9CD
:10346800994BC2F307421968984B1960984B1A7028
:10347800944B00229A60F2640122B3641A6080229D
:103488005A604FF00113C4F8BC31D4F8B03143F49A
:103498008033C4F8B031D4F8B031002BFBD198E6B2
:1034A800C2F307428B4B1A708B4BC4F8C8318B4B55
:1034B800C4F8CC318A4BC4F8D03100F0D5FB802257
:1034C8002946884801F012FF874B8022C6F8A0B031
:1034D800C6F8E0307B4BF5645A600122B3649D6006
:1034E8001A604FF00113C4F8BC31D4F8B03143F47A
:1034F8008033C4F8B031CAF80050D4F8B031002B8A
:10350800FBD166E66F4B0121F564196080219D604F
:10351800B36459604FF00113C4F8BC31D4F8B0312A
:1035280043F48033C4F8B031D4F8B031002BFBD168
:10353800130C5B0643F08073C4F8543149E6654BBD
:1035480001216A481B780370FFF78CFD41E683B2BE
:1035580010F078007FF439AE03F07F0258F822109B
:10356800624A1080180600F19E80CB0701D501231E
:10357800137002215D48FFF775FD2AE610F0780FF9
:1035880083B27FF422AE03F07F0213F0800F58F865
:10359800223014BF43F4803343F0010348F822304B
:1035A8000022484BF2649A600122B3641A608022B8
:1035B8005A604FF00113C4F8BC31D4F8B03143F469
:1035C8008033C4F8B031D4F8B031002BFBD100E619
:1035D80003F07F0213F0800F58F8223014BF23F451
:1035E800803323F0010348F822300022354BF2647F
:1035F8009A600122B3641A6080225A604FF0011366
:10360800C4F8BC31D4F8B03143F48033C4F8B031D5
:10361800D4F8B031002BFBD1DBE500200860264947
:103628000C88486842F221018C427FF425AE80B2B2
:1036380000287FF421AE2E492E4C03C9A18086288C
:103648004FEA11412060A1717FF416AE72B62A4884
:10365800017841F008010170D2F848110D0605D42F
:1036680080200143C2F84401C2F8481162B6234AD7
:103678005021117000E6000C2A78824228BF0246C9
:10368800BEF5E06F44D11E4B1E4D18781E491F4BE6
:103698000192002818BF19462846FFF791FA072318
:1036A8006B70019A3BE0C9033FF561AF61E700BF6A
:1036B800E01A0020142F0020801C00208000070042
:1036C800143F0020C01A0020A01F0020B01F0020B7
:1036D800CD1F0020CE1F00200200CC00C800020031
:1036E8000200C800800000201993D574501F0020E4
:1036F800141F0020A81F0020C91F0020D01F002071
:10370800CF1F002000002020982100603421006095
:103718002946104D01922846FFF752FA019A25F0E2
:103728001F031544BFF34F8F4FF0E021C1F8703FDE
:1037380020339D42FAD8BFF34F8FBFF36F8F0548F0
:103748001146FFF78FFC44E50320FFF7D7FC06F08E
:1037580093FF00BF000020202DE9F0471F46831E7D
:10376800022B01D9BDE8F087DFF84C9015460C46CE
:103778003C2209EBC01806464FEAC01A002108F19E
:103788000400240401F0B2FDB5FA85F201235209C0
:1037980044EA427449F80A40C8F83870C8F8083052
:1037A800002FDFD0034AB34011680B431360BDE814
:1037B800F08700BF201F0020000000202DE9F047FF
:1037C8000D46811E022901D9BDE8F087C701DFF83F
:1037D8004C909246044640373C2200211E4609EB95
:1037E80007082D0408F1040001F080FDBAFA8AF2F6
:1037F800520945EA427249F807200122C8F83860A0
:10380800C8F80820002EDFD0034B10341968A240F6
:103818000A431A60BDE8F087201F0020000000203E
:1038280012048160C36101F5405342F0800210B474
:103838000124426001F50052046001F5805401F54D
:103848008041C46081615DF8044BC0E9042370477E
:10385800831E0A46022B00D97047064B00F110015F
:103868004FF0010C03EBC0100CFA01F14030FFF7E8
:1038780099BB00BF00000020831E0A46022B00D916
:1038880070470121024B814003EBC010FFF78ABB50
:103898000000002040687047124A134BD2F82002FB
:1038A80020F07F40984210B584B002D200EB80002F
:1038B80040000E4C01A90A22FFF71CFA01A90023B7
:1038C800204611F8012B01333AB10A2B20F8022FB8
:1038D800F7D11623237004B010BD5B00DBB2237050
:1038E80004B010BD00441F4080969800B015002019
:1038F80000F0D8BA00F0CABA00F066BB00F03CBBD2
:103908000846114600F02CBBF8B5144C4FF0E025E2
:10391800134E4FF4003204EB4024124F06EB4016CE
:103928000346C5F88C2121463A883046FFF778FFD0
:103938003B882344BFF34F8FC5F85C4F2034A34224
:10394800FAD8BFF34F8FBFF36F8F03203146FFF7CD
:1039580093FF4FF40033C5F80C31F8BD80002020E8
:10396800001B0020BC1F0020244B2DE9F0411C88BF
:103978004368C569C3F30E43E41A002C24DD2049CB
:1039880020480A780078D3B21F4E82421F4807D0D9
:1039980010F8038036F81870C7F50072944218D9E9
:1039A8000133002226F81540082B194E88BF13460C
:1039B80026F8152098BFDAB2C554164B0A701A6853
:1039C80014441C60BDE8F0812846BDE8F041FFF7CB
:1039D8009BBF07EB4820104922462744084401EBC7
:1039E8004521FFF7EDF80B4A284626F818701368AA
:1039F8002344BDE8F0411360FFF786BFBC1F0020D9
:103A0800C71F0020C81F00205C1F00207C1F00204B
:103A18006C1F0020581F0020800020201D4B1A78A2
:103A2800002A36D102F0FF031B4A12788AB32DE927
:103A3800F0411A4D2A8852B3194EC2F50068194F41
:103A48003278194C07EB421704EBC2244246384639
:103A58002146FFF7E5FE04EB0802BFF34F8F4FF056
:103A6800E023C3F8704F2034A242FAD8BFF34F8F37
:103A7800BFF36F8F04203946FFF7EAFE337801332E
:103A8800DBB2032B88BF0023337000232B80BDE8F3
:103A9800F0817047CC1F0020CE1F0020BE1F0020E1
:103AA800CB1F0020001C0020801020202DE9F04FA3
:103AB80085B0CDE90110002900F0BF800023604CDB
:103AC800DFF89881DFF898A15E4F009301235E4AE2
:103AD80023705E4B1978B8F8003002EB4119002BBF
:103AE80040F0A7801E461D469B464846FFF7D2FE7B
:103AF80010F0800000F08C80BFF34F8F9AF80030F0
:103B080084F800B005B93E68002B7DD13B689B1B4B
:103B1800782B00F287804E4B1B78002B74D000F076
:103B28009DFA0122B8F8003015462270002BDCD02F
:103B3800464AC3F5006011781A4600EBC120454D8E
:103B4800C9022844019D954217D20393DDE901512A
:103B58002A46FFF735F8039B4FF040425B1BA8F855
:103B680000303D4BC3F88420BFF34F8F00980023EB
:103B78002844237005B0BDE8F08F364BCD18029964
:103B8800FFF71EF800234FF4006229464846FFF766
:103B980047FEBFF34F8F05F1200205F500639342FE
:103BA80034BF012340234FF0E02205EB4313C2F852
:103BB800705F2035AB42FAD1BFF34F8FBFF36F8FE1
:103BC80004204946FFF744FE204A13780133DBB24C
:103BD800032B84BF00231D4A1370B8F80030019AE4
:103BE800D11A009A1A4401910092029A1A440023A9
:103BF8000292194AA8F80030C2F88430BFF34F8FF8
:103C0800237000297FF462AF009805B0BDE8F08FFB
:103C18004FF400620D4B8AF8000019781346A8F893
:103C280000208AE7012300988AF8003005B0BDE833
:103C3800F08F1A46C3F500607FE70198E5E700BFFB
:103C4800CC1F0020A01F0020001C0020CB1F00203C
:103C5800CE1F00208010202000002E40BE1F002014
:103C6800CA1F0020704700BF2D4B002180222D481D
:103C780070B51B7800242C4D8B422C4E0CBF402372
:103C88004FF400732B80338001F030FB284A214623
:103C9800284B14704FF4807227481C8001F026FBD3
:103CA800264A1021264B0220C2E90044C2E90244F8
:103CB800244AC3E900441470234AC3E90244234B4D
:103CC8001C70234614602246FFF778FD224631888F
:103CD80003201F4BFFF740FD2346012229880420BB
:103CE800FFF76CFD20460134FFF70EFE082CF9D1D2
:103CF800184B00214A221848184C0460C3F8841055
:103D0800C3F88020D3F84821154942F08072C3F8DF
:103D1800482121B1134A137843F00103137070BD91
:103D2800CF1F0020001C0020C01F0020BC1F002047
:103D3800CB1F0020BE1F0020001B00205C1F00209E
:103D48006C1F0020C71F0020581F0020C81F00201C
:103D58006917000000002E40B41F00201D18000045
:103D680000000000D11F00202DE9F04F4FF0E023A4
:103D78004FF40032DFF8C8A083B0C3F88C218B461B
:103D88009AF8004000294FD08046E4B20027DFF8B7
:103D9800B490264BABEB070225491B78A34204F1EC
:103DA80001043FD0092C234B404628BF00241E5D48
:103DB80039F816C00CEB462319441F4B33F816503C
:103DC800A5EB0C05AA421CD20CEB462C18491B4C3F
:103DD80061440192FEF7F4FE216839F816505846FE
:103DE800019AA1EB0B012A44394429F816202160D5
:103DF8004FF0E0234FF40032C3F80C2103B0BDE8C4
:103E0800F08F2A462F44FEF7DBFE0C49E3B230461A
:103E18000A68A844521B0A608AF80030FFF774FD4C
:103E2800BB45B6D83846E3E70846E1E7C71F002098
:103E3800800020207C1F00205C1F0020581F0020CD
:103E4800C81F00206C1F00200B4B0C4A12781978F1
:103E5800D3B28A420DD0013309480A4A092B0A49CC
:103E680028BF0023C35C31F8131002EB4323585CCE
:103E780070474FF0FF307047C71F0020C81F002051
:103E88007C1F0020800020206C1F0020044B10B5F0
:103E98001C680CB1204610BD00F0E0F8204610BDAB
:103EA800581F00202DE9F84F144E154D33782A7805
:103EB800934221D0DCB2DFF85090DFF850B0DFF841
:103EC8005080104F0134082C5FFA84FA01D900247D
:103ED800A24619F80400DBF8003038F8102037F84B
:103EE8001010521A9B1ACBF80030FFF70DFD86F818
:103EF80000A02B78A342E5D1BDE8F88FC81F0020A9
:103F0800C71F00206C1F00207C1F0020581F0020A6
:103F18005C1F002000B583B001210DF10700FFF7F9
:103F280023FF20B19DF8070003B05DF804FB4FF0B4
:103F3800FF30F9E7094B00B583B01B788DF807000F
:103F48003BB101210DF10700FFF7B0FD03B05DF8AB
:103F580004FB03F0FF0003B05DF804FBCE1F002054
:103F6800044B1B7803F0FF020BB1FFF79FBD10460F
:103F7800704700BFCE1F00202DE9F0410024DFF874
:103F8800448001230D4D27460D4E88F800303378C4
:103F980028462035A34204F1010405D0FFF77AFC36
:103FA800030658BF07F50067042CF0D1BFF34F8F05
:103FB8000023384688F80030BDE8F081001C002056
:103FC800CB1F0020CC1F00202DE9F8431D4B1B7888
:103FD80013B11D4D2A880AB9BDE8F8831B4EC2F5F6
:103FE80000691B4933784A461A4C01EB43181A4FAB
:103FF80004EBC324012340463B7021460023FFF70E
:104008000FFC04EB0902BFF34F8F4FF0E023C3F816
:10401800704F2034A242FAD8BFF34F8FBFF36F8F8F
:1040280004204146FFF714FC33780133DBB2032B3D
:1040380088BF0023337000232B80BFF34F8F3B7062
:10404800BDE8F883CE1F0020BE1F0020CB1F002034
:10405800001C002080102020CC1F00202DE9F843F0
:104068002D4B1E7866B12D4F3B784BB90123F107D4
:104078003B7043D4B20726D400233B70730701D4A6
:10408800BDE8F883264B1A68002AF9D0EFF30582B9
:10409800002AF5D1EFF3108572B61868002834D0DD
:1040A800204C2178002930D10122227042691A60FF
:1040B800002A2ED0916105B962B60025836845773C
:1040C80098472570DCE7DFF8648098F80030002B0B
:1040D800D2D00025DFF858902B4659F823400135F7
:1040E800236820461B69984710B163699B68984705
:1040F80098F80020EBB29A42EFD8BDE7FFF7C6FE6A
:104108000028B7D0AFF30080B4E7002DB8D162B66D
:10411800B6E7054B1A60CEE7D11F0020C41F002068
:10412800681D0020C21F0020741D0020C31F00202E
:10413800781D002070B5EFF3108272B60C4C206821
:1041480080B10C4E00254369236073B19D6102B9AB
:1041580062B6836845779847EFF3108272B6206895
:104168000028F0D102B962B670BD3360EFE700BF36
:10417800701D00206C1D0020FFF7DCBF0449054AB4
:104188004968054B1960136801331360704700BF15
:10419800001000E0A01F00209C1F002000230F2219
:1041A80048F2B82C194610B54FF470444FF4806E9D
:1041B800A0F88C414FF46044A0F88E210A46A0F87C
:1041C8009031B0F888319BB243F0F003A0F8883101
:1041D80001EB4103013100EB431304299C80A3F850
:1041E80006E05A841A865A805A81A3F80EC05A8269
:1041F800DA825A83DA83EBD1B0F888319BB243F084
:104208000F03A0F88831B0F888319BB243F470638B
:10421800A0F8883110BD00BF374B384A996F38482D
:1042280041F47F0170B5996741F20106D3F8801017
:1042380045F6C05543F226040A43C3F88020FFF729
:10424800ADFF00F58040FFF7A9FF00F58040FFF7BC
:10425800A5FF00F58040FFF7A1FF0022A0F503109D
:104268004FF00F0E114600EB42134FEA421C013289
:104278009981042A5981A3F80EE09E82DD8020F8F6
:104288000C1019829C81EED100221E484FF00F0EAF
:1042980041F20106114645F6C05543F2260400EBEB
:1042A80042134FEA421C01329981042A5981A3F82A
:1042B8000EE09E82DD8020F80C1019829C81EED1E0
:1042C800002211480F2641F20105114645F6C05457
:1042D80043F2260E00EB42134FEA421C0132998149
:1042E800042A5981DE819D82DC8020F80C10198215
:1042F800A3F80CE0EED170BD00C00F40000003FC35
:1043080000C03D4000001E4000401E40074A506A61
:10431800936A19468446506A936A9942F9D184454A
:10432800F7D1DB0B43EA4040704700BF00400D4027
:1043380008B5D0E900325BB1BAB10F4BA3FB021349
:10434800DB0803EB4303B2EB83030AD1012008BD6A
:10435800094BA3FB0213DB0803EB4303B2EB830314
:1043680001D0D21A4260F02AF0D801F0AFF81C222E
:10437800034600201A6008BDABAAAAAA70B5044675
:1043880038B319B1B2FA82F67609A2B9206800B337
:104398006268F2B1184B194902FB03F3B1EBB30F92
:1043A80017D3A368E3B90022012322606260A260E8
:1043B800E260184670BD1D46049BC0E90012C36048
:1043C800FFF7B6FF03460028F3D06DB9012318465E
:1043D80070BD01F07BF8162200230260184670BDFC
:1043E800002100F083FFDEE7626831462068A5609F
:1043F80000F07CFF0123DCE7ABAAAAAA55555515A6
:104408002DE9F04F01F10B06162E83B0044624D88F
:10441800102900F2BA8000F0A3FA10261822022010
:10442800B54F3A44A2F1080153688B4200F0BA80B4
:104438005A68D96822F003021A449D68E9608D60C1
:10444800516841F001012046516003F1080500F070
:104458008DFA284603B0BDE8F08F36F0070600F164
:104468009480B14200F2918000F07AFAB6F5FC7FB0
:10447800C0F09A81730A00F08F80042B00F26F81DC
:10448800B30903F1390003F1380CC3009A4F3B44D8
:10449800A3F108055B689D4206D10CE0002980F273
:1044A8002781DB689D4206D05A6822F00302911BDF
:1044B8000F29F3DD60463D69DFF850C265457CD0C1
:1044C8006A6822F00302931B0F2B00F37B81002BF9
:1044D800C7E904CC80F26C81B2F5007F80F01A81C4
:1044E800D308796801334FEA521E012202FA0EF20C
:1044F8000A4357F833E0C5F808E007EBC301083969
:10450800E9607A6047F83350CEF80C5083100121E7
:104518009940914257D8114206D120F00300490032
:10452800114200F10400FAD007EBC0094D46864657
:10453800D5F80C80454508D11DE1002B80F2248177
:10454800D8F80C80454500F01681D8F8042022F0F0
:104558000302931B0F2BF0DD2046D8E9025408EB29
:10456800060146F00106C8F80460EC60A56043F057
:104578000104C7E90411C1E902CC4C6048F80230D3
:1045880000F0F4F908F1080502E00C232360002587
:10459800284603B0BDE8F08F4FF4007340204FF079
:1045A8003F0C73E7D3689A4208BF02307FF440AFEC
:1045B8003D69DFF858C1654582D17A6883100121C9
:1045C80099409142A7D9BD686B6823F003094E450D
:1045D80003D8A9EB06030F2B7ADCDFF834B1474B7D
:1045E800DBF800201B680132334405EB090A00F0B0
:1045F800338103F580530F3323F47F6828F00F08C5
:104608004146204600F03AFF411C024600F0F38084
:10461800824500F2EE803A4B196841441960084619
:1046280000F04E81DBF80010019301311BBFA2EBB3
:104638000A010918CBF80020196012F0070B00F0E6
:104648001781CBF108010A44CBF580519044083119
:10465800A1EB0801C1F30B0A51462046009200F075
:104668000DFF421CDDE9002300F04F81801A00EBAA
:104678000A081968BA6048F001005144BD42506008
:10468800196000F02981B9F10F0F40F2278168689D
:10469800A9F10C0C2CF0070C00F0010040EA0C000A
:1046A80068604FF0050E05EB0C00BCF10F0FC0E978
:1046B80001EE00F2328150681546124B1A688A42A0
:1046C80038BF1960104B1A688A4238BF196094E0E5
:1046D800AA1943F0010346F001066E602046BA604D
:1046E800536000F043F90835284603B0BDE8F08F61
:1046F800D9681A44A1E600BF40110020D41D00204B
:10470800A41D0020CC1D0020D01D00204811002031
:1047180048150020B2F5206F4FEA522363D3142BBB
:1047280000F2B78003F15C01C9005B3307EB010EAF
:104738007958AEF1080E8E4500F091804B6823F051
:104748000303934202D989688E45F7D1D1F80CE06A
:104758007A68C5E9021ECEF80850CD60D6E6142B5B
:1047680059D9542B00F29D80330B03F16F0003F1EC
:104778006E0CC3008AE60EF1010E1EF0030F05F160
:1047880008057FF4D5AE51E0424445465368D8F851
:104798000C1043F00103536055F8083F2046D960D8
:1047A8008B6000F0E3F8F3E6F00806F1080237E65C
:1047B8002A442046536843F001035360083500F04B
:1047C800D5F8E5E6A919204646F0010643F00104AC
:1047D8006E60C7E90411C1E902CC4C60AB5000F02F
:1047E800C5F80835D4E6930903F13901C90038330F
:1047F8009CE7BD425FD0BD68686820F00308464565
:10480800A8EB060302D80F2B3FF762AF204600F053
:10481800ADF80025BCE603F15C0003F15B0CC300B6
:1048280034E659F808394B4540F0968010F0030FEC
:1048380000F1FF30F5D17B6823EA01037B60490072
:1048480099423FF6C0AE19B9BDE649000EF1040E13
:104858001942FAD0704667E603F11008D0E69A10BC
:104868004FF001087B6808FA02F21A437A6070E791
:1048780002EB08014942C1F30B0A51462046009257
:1048880000F0FCFD431CDDE900237FF4EFAEDA46BF
:10489800EFE6542B25D8130B03F16F01C9006E33D3
:1048A80044E7B3F5AA7F25D8F30B03F1780003F1A9
:1048B800770CC300EAE5294B186840441860B1E654
:1048C800CAF30B0CBCF1000F7FF4ACAEBD68C84452
:1048D80048F001006860F0E61546EEE601235360F3
:1048E80094E7B3F5AA7F23D8D30B03F17801C90065
:1048F80077331BE740F25452934223D8B30C03F1A9
:104908007D0003F17C0CC300C0E5ABF1080BD84473
:10491800A8EB02084FF0000AABE605F108012046B3
:10492800009300F0CBFEBD68009B68681968C4E678
:1049380040F254518B420BD8930C03F17D01C9000E
:104948007C33F3E64FF47E737F204FF07E0C9DE5B9
:104958004FF47E717E23E9E67B6870E7A41D002092
:10496800014800F0E1BD00BF9C1D0020014800F097
:10497800DDBD00BF9C1D00202DE9F84F174600291A
:1049880000F098800C4607F10B058046FFF7E8FF1A
:10499800162D54F8041C5BD810252A46AF425CD863
:1049A80021F003069642A4F1080962DABC4BD3F859
:1049B80008C009EB0600844500F09780D0F804C0D1
:1049C8002CF0010303445B68DB0768D42CF0030C6C
:1049D80006EB0C03934247DACB0710D454F8083C93
:1049E800A9EB030ADAF8043023F003018C44B44439
:1049F800944580F211817318934280F2E880394619
:104A08004046FFF7FDFC0746E0B154F8043C23F0AC
:104A180001034B44A0F10802934200F0D280321FF8
:104A2800242A00F2F580132A00F2AC8003462246BD
:104A3800116819605168596092689A602146404629
:104A480000F03CFE4046FFF791FF3846BDE8F88F7E
:104A580025F00705002D2A46A0DA0C23C8F80030F7
:104A680000273846BDE8F88F1E46D0E90223D360F8
:104A78009A60731B0F2B22D8D9F8043003F0010376
:104A880033434E44C9F80430736843F0010373603C
:104A980040462746FFF76AFF3846BDE8F88FC90742
:104AA800ADD454F8083CA9EB030ADAF8041021F055
:104AB8000301A0E7BDE8F84F1146FFF7A1BCD9F8FC
:104AC800042009EB050102F001024E4443F0010302
:104AD8002A43C9F804204B60736843F00103083186
:104AE8007360404600F0EAFDD2E7DCF8040020F0ED
:104AF800030B06EB0B0C05F1100084454DDAC907D2
:104B08003FF57DAF54F8081CA9EB010ADAF8041048
:104B180021F003018B44B34458453FF76CAF574627
:104B2800DAF80C1057F8080F321F242AC160886081
:104B380000F2DB80132A40F2D6802168CAF80810F8
:104B48006168CAF80C101B2A00F2DF8008340AF1E9
:104B580010022168116061685160A16891600AEBD8
:104B68000501ABEB050242F0010299604A60DAF8F0
:104B7800043003F001032B434046CAF80430FFF722
:104B8800F5FE6EE723680360636843601B2A68D8F4
:104B980004F1080200F108034AE709EB05029A60EC
:104BA800ACEB050343F00103536054F8043C03F0F5
:104BB80001032B43404644F8043CFFF7D7FE274641
:104BC8004FE750F8043C23F003031E4451E75746CF
:104BD800DAF80C1057F8080F321F242AC1608860D1
:104BE8004CD8132A48D92168CAF808106168CAF84D
:104BF8000C101B2A56D808340AF110021E462368E6
:104C0800136063685360A3689360D1463C4630E7FD
:104C1800214600F0EFFA11E7D0E902135746CB60BE
:104C2800996057F8081FDAF80C30CB60321F242A35
:104C380099602DD8132A29D92368CAF808306368DF
:104C4800CAF80C301B2A42D808340AF1100322682B
:104C58001A6062685A60A2689A606646D1463C4605
:104C680007E7A3688360E368C360242A26D004F1B9
:104C7800100200F11003DBE63A46BFE7214638464A
:104C88001E46D14600F0B6FA3C46F2E63B46DEE761
:104C9800214638466646D14600F0ACFA3C46E8E67E
:104CA80040110020A168CAF81010E168CAF8141071
:104CB800242A20D010340AF118029FE723690361DF
:104CC8006169416104F1180200F11803B0E6A368B4
:104CD800CAF81030E368CAF81430242A21D01034F6
:104CE8000AF11803B3E73A4633E72146384600F09D
:104CF80081FA164B33E72269CAF818206269CAF8A4
:104D08001C2018340AF1200278E7A168CAF81010AC
:104D1800E168CAF81410242A0DD010340AF11802D8
:104D280017E72369CAF818306369CAF81C301834C1
:104D38000AF120038BE72269CAF818206269CAF8C9
:104D48001C2018340AF1200203E700BF401100209C
:104D5800B1F90C202DE9F0410C461107804647D4E3
:104D6800636842F40062002BA2815EDDA56A002D13
:104D780058D00023D8F80060C8F8003093B212F475
:104D8800805256D10123E1694046A847431C67D0A9
:104D9800A389A56A5F0705D56368C01A236B0BB1A1
:104DA800E36BC01AE169024600234046A847411C4C
:104DB80041D1D8F80030002B3DD01D2B01D0162B47
:104DC80056D1A3892269226023F40063002161601F
:104DD800A381216BC8F8006021B304F14003994214
:104DE80002D0404600F06AFC00202063BDE8F08154
:104DF8002669BEB193B2256826609A070CBF63691D
:104E08000023AD1BA3600BE02B463246E169676ABD
:104E18004046B847B0F1000CA5EB0C05664417DD19
:104E2800002DF1DC0020BDE8F081E36B002B9DDC58
:104E3800F8E7206DAEE7B4F90C302269226023F45C
:104E48000063A3810022DB046260C2D52065C0E74D
:104E5800A38943F040034FF0FF30A381BDE8F08100
:104E6800D8F80030002B93D01D2B06D0162B04D079
:104E7800A38943F04003A381D5E7C8F80060D1E7D0
:104E880038B50C46054608B1436B03B3B4F90C00BA
:104E980088B1636EDB0701D481050FD5284621460A
:104EA800FFF756FF636EDA07054602D4A3899B0510
:104EB80008D5284638BD0546284638BDA06D00F0FF
:104EC80033FBEBE7A06D00F031FB284638BD00F05E
:104ED80097F8DBE7024A0349034800F0BBB800BF74
:104EE80050150020CD590000D80A00200C4B41680D
:104EF800994210B5044601D002F068FEA168094B3A
:104F0800994202D0204602F061FEE168064B9942C0
:104F180004D02046BDE8104002F058BE10BD00BFC6
:104F2800D81D0020401E0020A81E00202DE9F843AF
:104F38002A4C2B4B2B48DFF8C090DFF8C0802A4F53
:104F48001860002504230822294604F15C00274E36
:104F58006566C4E90253C4E90055C4E90455A5616E
:104F680000F0C4F9224B63670822294604F1C40003
:104F7800C4E90749C4E90987C4E91A55C4E91E55B3
:104F8800C4F8CC502567C4F88050E66200F0AEF94A
:104F9800184BC4F8DC30294604F16803082204F5EC
:104FA8009670C4F88430C4E92298C4E92476C4E928
:104FB8003455C4E93855C4F83451C4F8D850C4F845
:104FC800E85000F093F904F1D003C4E93C98C4E92F
:104FD8003E76C4F8EC30BDE8F88300BFD81D002049
:104FE800101F0020D52C0000012F0000212F0000E9
:104FF80009000100120002009D2E0000C12E0000D1
:1050080010B504460A4800F08FFA636B23B9094BC0
:10501800094A1B68626323B1BDE81040044800F0E8
:1050280085BAFFF783FFBDE81040014800F07EBA5B
:10503800A01D0020101F0020ED2C0000014800F0EA
:1050480073BA00BFA01D0020014800F06FBA00BF6E
:10505800A01D00202DE9F84380460F4616464FF064
:105068000009D6E90154013D11D4A389012B05F1AA
:10507800FF3508D9B4F90E300133214603D0404634
:10508800B84749EA00096B1C04F16804EDD1366899
:10509800002EE6D14846BDE8F88300BF10B50C469F
:1050A800B1F90E1000F0D4F9002803DB236D034496
:1050B800236510BDA38923F48053A38110BD00BFCD
:1050C8002DE9F0410C46B1F90C101F46CB050546F9
:1050D80016460BD421F48051A1813B46B4F90E1039
:1050E80032462846BDE8F04100F0DAB9B4F90E10AE
:1050F8000223002200F096F9B4F90C10EAE700BF89
:1051080010B50C46B1F90E1000F08CF9A389421CB9
:105118000EBF23F4805343F480532065A38110BD50
:10512800B1F90E1000F06CB9F0B5ADF5057D04AF1E
:10513800009313464FF400720E460392394603AAB1
:10514800054600F025F888B104460246039B31461F
:10515800284600F0A5F9BC42039004D02846214611
:1051680000F0ACFA03980DF5057DF0BD4FF0FF3067
:10517800F9E700BF10B4054C8446134620685DF873
:10518800044B0A466146FFF7CFBF00BF5C150020FD
:1051980030B5146815469BB01A4609B1002C19D1D0
:1051A80000214FF42273ADF80C30009104914FF6B2
:1051B800FF7302910591ADF80E3069461E9B00F011
:1051C80063FF002813DB009B286000221A700498F4
:1051D8001BB030BD4FF4C16300910491ADF80C30A1
:1051E8002146E4DA8B23036000201BB030BD002089
:1051F800EEE700BF88420DD98B1883420AD900EB2D
:10520800020CBAB1624613F801CD02F801CD9942F9
:10521800F9D170470F2A0ED8034602F1FF3C4AB174
:105228000CF1010C013B8C4411F8012B03F8012F00
:105238006145F9D1704740EA01039B0750D1A2F1BB
:10524800100370B501F1200C23F00F0501F1100EC9
:1052580000F11004AC441B095EF8105C44F8105CC3
:105268005EF80C5C44F80C5C5EF8085C44F8085C7A
:105278005EF8045C44F8045C0EF1100EE64504F197
:105288001004E9D1013312F00C0F01EB031102F005
:105298000F0400EB031327D0043C24F003064FEA65
:1052A800940C1E441C1F8E465EF8045B44F8045F91
:1052B800B442F9D10CF1010402F0030203EB8403B8
:1052C80001EB840102F1FF3C4AB10CF1010C013BF6
:1052D8008C4411F8012B03F8012F6145F9D170BDF9
:1052E80002F1FF3C03469BE72246EBE7830730B514
:1052F80048D0541E002A3FD0CAB2034601E0013C00
:105308003AD303F8012B9D07F9D1032C2DD9CDB23F
:1053180045EA05250F2C45EA054536D9A4F11002C2
:1053280022F00F0C03F1200EE6444FEA121C03F1A1
:10533800100242E9045542E9025510327245F8D18B
:105348000CF1010214F00C0F03EB021204F00F0C25
:1053580013D0ACF1040323F003030433134442F8DD
:10536800045B9342FBD10CF003042CB1C9B21C447A
:1053780003F8011B9C42FBD130BD64461346002C48
:10538800F4D1F9E703461446BFE71A46A446E0E716
:1053980040EA01039B0730B501D1032A0FD88446A0
:1053A80001F1FF3E07E01EF8011F03F8011B541E20
:1053B800C1B19C4622466346002AF4D130BD0B4653
:1053C8008446194653F8045BA5F1013424EA050420
:1053D80014F0803FE4D1043A032A4CF8045B1946E0
:1053E800EFD8DDE79444002CE8D003F8011B6345AF
:1053F800FBD130BD014B93F828017047D40F002032
:1054080038B5074D0022044608462A60FDF786FD98
:10541800431C00D038BD2B68002BFBD0236038BD5F
:10542800241F002038B50C46084D844611462046F6
:105438001A4600232B606446FDF77CFD431C00D010
:1054480038BD2B68002BFBD0236038BD241F0020FB
:1054580038B50C46084D8446114620461A460023A6
:105468002B606446FDF758FD431C00D038BD2B68FF
:10547800002BFBD0236038BD241F002038B5074D12
:105488000022044608462A60FDF72CFD431C00D084
:1054980038BD2B68002BFBD0236038BD241F0020AB
:1054A80038B50C46084D8446114620461A46002356
:1054B8002B606446FDF72EF9431C00D038BD2B68DD
:1054C800002BFBD0236038BD241F0020014B186837
:1054D800704700BF5C15002070B50D4E0D4D761B52
:1054E800B61006D0002455F8043B01349847A6426C
:1054F800F9D1094E094D761B05F0C2F8B61006D051
:10550800002455F8043B01349847A642F9D170BDF0
:105518000020006000200060102000600020006073
:10552800704700BF704700BF704700BF704700BF9B
:105538000000000000000000000000000000000063
:1055480090F800F06DE9024520F007016FF0000CBB
:1055580010F0070491F820F040F049804FF0000463
:105568006FF00700D1E9002391F840F000F108003E
:1055780082FA4CF2A4FA8CF283FA4CF3A2FA8CF376
:105588004BBBD1E9022382FA4CF200F10800A4FADD
:105598008CF283FA4CF3A2FA8CF3E3B9D1E9042331
:1055A80082FA4CF200F10800A4FA8CF283FA4CF368
:1055B800A2FA8CF37BB9D1E9062301F1200182FA22
:1055C8004CF200F10800A4FA8CF283FA4CF3A2FA28
:1055D8008CF3002BC6D0002A04BF04301A4612BA36
:1055E800B2FA82F2FDE8024500EBD2007047D1E939
:1055F800002304F00305C4F100004FEAC50514F0C8
:10560800040F91F840F00CFA05F562EA05021CBF98
:1056180063EA050362464FF00004A9E7F8B5244F92
:105628000C460646FFF79CF9BB685D68C4F57E61C9
:105638000F3125F003054B1923F47F6323F00F0383
:10564800A3F58054B4F5805F07DB00213046FFF7EF
:1056580015FFBB682B44984204D03046FFF786F903
:105668000020F8BD61423046FFF708FF01300DD039
:10567800104ABB682D1B45F001055D601368304674
:105688001B1B1360FFF772F90120F8BD002130469B
:10569800FFF7F4FEBA68831A0F2BDEDD43F001032F
:1056A8005360054B03491B68C01A0860D5E700BF63
:1056B80040110020A41D002048150020002961D0B9
:1056C800F8B50C460646FFF74BF954F8042C7B4F07
:1056D800A4F1080522F0010105EB010CB868DCF81B
:1056E8000430604523F0030300F08B80D207CCF828
:1056F800043032D454F8082CAD1A1144AA6807F1C2
:10570800080082426AD00CEB0304D4F804E0EC6889
:10571800D4601EF0010FA26000F0978041F00103F1
:105728006B60CCF80010B1F5007F35D27868CB08F3
:105738000122490901338A40024357F833107A603D
:1057480007EBC302083AC5E9021247F83350CD60A7
:105758003046BDE8F840FFF709B90CEB0302526880
:10576800D00710D4194407F10800DCF80830834248
:1057780073D0DCF80C20DA60936041F001036B60B1
:105788006950D0E7704741F00103B1F5007F44F854
:10579800043CCCF80010C9D3B1F5206F4FEA51236F
:1057A80048D28B0903F1390003F13802C300F81815
:1057B800FB580838984259D05A6822F003028A42A6
:1057C80002D99B689842F7D1D868C5E9023085604C
:1057D800DD603046BDE8F840FFF7C8B80CEB0302BF
:1057E8005268D20763D40B44DCE90212CA609160A4
:1057F80043F001026A603046EB50BDE8F840FFF71D
:10580800B5B80B44D10707D454F8082CAD1A134483
:10581800D5E90212CA60916043F001026A60284A21
:10582800BD6012689A4293D8264B30461968FFF734
:10583800F5FE8DE7142B0AD9542B1FD80B0B03F157
:105848006F0003F16E02C300B1E719448DE703F15D
:105858005C0003F15B02C300A9E741F00103C7E95B
:105868000455C5E902006B60695071E779689210C8
:10587800012404FA02F20A437A60A6E7B3F5AA7F84
:1058880006D8CB0B03F1780003F17702C3008EE74B
:1058980040F25452934206D88B0C03F17D0003F179
:1058A8007C02C30083E74FF47E737E227FE741F0DA
:1058B80001036B60CCF800104AE700BF40110020DC
:1058C8004C150020D41D002082B049B15AB16BB1EB
:1058D80013780B601278101E18BF012002B07047B1
:1058E80001A9002AF3D1104602B070476FF00100F9
:1058F800F4E700BF436C70B505460C464BB153F84E
:10590800240080B1026843F824200023C0E903334F
:1059180070BD2122042102F0A7FC03466864002818
:10592800EDD1002070BD012101FA04F6721D92002C
:10593800284602F099FC0028F3D0C0E90146E4E7C4
:1059480031B1436C4A6853F82200086043F82210CA
:10595800704700BF2DE9F0410E6980460F461D468D
:1059680001F1140E0020DEF800108CB202FB045383
:10597800090C4FEA134C02FB01CC01309CB204EB3A
:105988000C4486424EF8044B4FEA1C45EBDC3DB113
:10599800BB68B34207DD07EB860301365D613E61F4
:1059A8003846BDE8F081796840460131FFF7A2FF2B
:1059B8000446B0B13A69023207F10C0192000C308A
:1059C800FDF7FEF8D8F844307A6853F822103960A9
:1059D80043F82270274607EB860301365D613E6176
:1059E800DEE7034B03482246BA2102F01DFC00BF44
:1059F800FC03002010040020030C1B04D3B900048E
:105A0800102310F07F4F04BF0002083310F0704FCE
:105A180004BF0001043310F0404F04BF800002337C
:105A2800002805DB10F0804F03F1010308BF202395
:105A3800184670470023E4E7036813F0070208D00C
:105A4800D9071FD49A0722D55B08036001221046A4
:105A5800704799B209B91B0C1022D9B209B908329A
:105A68001B0A190704BF1B090432990704BF9B08C6
:105A78000232D90703D45B0802F1010205D00360A2
:105A8800104670470022104670472022DFE79B0827
:105A9800022203601046704738B5436C04460D4631
:105AA8004BB15868B0B102685A6000220123C0E9BE
:105AB8000435C26038BD2122042102F0D5FB03461B
:105AC80060640028EDD1094B0948002240F24511D5
:105AD80002F0AAFB1C220121204602F0C5FB002887
:105AE800F1D001220223C0E90123DEE7FC030020F4
:105AF800100400202DE9F04F0E691569AE4285B0FB
:105B08008846144605DB2A46234635460C46164683
:105B18009846A3686168AF19BB42B8BF0131FFF767
:105B2800E9FE0190002800F08780019B03F1140929
:105B380009EB870AD14505D24B46002243F8042BCE
:105B48009A45FBD808F1140808EB860B04F11403F6
:105B5800D8451A4603EB85055FD22B1B153B23F06E
:105B6800030304331534A54238BF0423CDE902A743
:105B7800AC461F46924605E0090C29D1C34509F1F8
:105B8800040948D958F8041B8DB2002DF4D05646A4
:105B98004C46002356F8041B22681FFA81FE90B277
:105BA800090C05FB0E00120C034405FB012202EB55
:105BB80013429BB243EA0243B44544F8043B4FEA1C
:105BC8001243E7D849F8073058F8041C090CD5D017
:105BD800D9F8003050461A464C4600260588120C63
:105BE80001FB052216449BB243EA064344F8043BF2
:105BF80050F8045B22682D0C93B201FB053303EBCC
:105C0800164384454FEA1346E8D8C34549F8073098
:105C180009F10409B6D8DDE902A7002F02DC05E086
:105C2800013F03D05AF8043D002BF9D0019B1846D8
:105C38001F6105B0BDE8F08F034B0448019A4FF48B
:105C4800B17102F0F1FA00BFFC030020100400203B
:105C580012F003032DE9F0411446064632D10D46F1
:105C6800A41020D0D6F84080B8F1000F33D0E30755
:105C78004FF0000707D4641015D0D8F80000A8B179
:105C88008046E307F7D5424629463046FFF732FFFC
:105C9800B5B16968736C641053F821202A6043F821
:105CA80021500546E9D12846BDE8F08142464146E3
:105CB8003046FFF71FFFC8F8000007608046E0E79E
:105CC8000546D8E7013B0F4A52F823200023FFF787
:105CD80041FE0546C4E701213046FFF70BFE80462A
:105CE80040B1012340F27122C0E90432002330643C
:105CF8000360BCE7044B0548424640F2451102F0F8
:105D080093FA00BFC8090020FC03002010040020FB
:105D18002DE9F0470D4614462F69AB68496807EB33
:105D280062177E1C9E4280464FEA621904DD5B00C2
:105D38009E4201F10101FADC4046FFF7DBFD844693
:105D4800002852D0B9F1000F00F114020EDD09F15C
:105D580005014FEA810E134600EB8101002043F84C
:105D6800040B8B42FBD1AEF114031A44296905F1E7
:105D7800140314F01F0E03EB81012ED0CEF120097D
:105D880010464FF0000A1C6804FA0EF444EA0A04AC
:105D980040F8044B53F8044B994224FA09FAF2D814
:105DA8004B1B153B23F00303043305F11500814217
:105DB80038BF0423BAF1000F18BF374642F803A0D2
:105DC800D8F844306A68CCF8107053F8221029606B
:105DD800604643F82250BDE8F087043A53F8040BB4
:105DE80042F8040F9942F9D8EAE7034B03486246A0
:105DF8004FF4EF7102F018FAFC03002010040020A1
:105E08000B6984460069C01A16D10CF1140C1431C0
:105E18000CEB830210B401EB830301E0944508D234
:105E280052F8044D53F8041D8C42F7D005D24FF0B8
:105E3800FF305DF8044B7047704701205DF8044B54
:105E4800704700BF2DE9F84F0F691369FF1A002F3B
:105E58000E4690467FD101F11405143202EB8302FD
:105E680005EB830301E09D4278D253F8041D52F8F4
:105E7800044DA142F7D069D37168FFF73BFD814615
:105E8800002877D03569D8F81020C76008F1140EBB
:105E980006F1140009F1140A06F110010EEB820252
:105EA80000EB850756464FF0000C5EF8044B51F89E
:105EB80004BFA3B21CFA8BFCACEB03034FEA144CEF
:105EC800CCEB1B4C0CEB234C9BB243EA0C437245C6
:105ED80046F8043B4FEA2C4CE7D8A2EB08011539E9
:105EE80008F11508424521F0030404F1040438BF01
:105EF8000424204421F0030238BF00228742524480
:105F0800544418D92646014651F8043B1CFA83FC30
:105F18004FEA2C4202EB13421FFA8CFC4CEA024374
:105F28008F4246F8043B4FEA224CEDD8013F3F1A16
:105F380027F00307E21923B952F8043D013D002B6D
:105F4800FAD0C9F810504846BDE8F88F3346012703
:105F58004646984690E7F9DB00278DE70021FFF7D2
:105F6800C9FC814668B101220023C9E904234846D7
:105F7800BDE8F88F064B07484A4640F2452102F033
:105F880053F9034B03484A4640F2372102F04CF9D3
:105F9800FC030020100400202DE9F043884683B05C
:105FA800012157EC106B1546FFF7A4FC04460028A6
:105FB80051D0C7F30A59C7F31303B9F1000F01D041
:105FC80043F48013002E019318D101A8FFF734FD84
:105FD800019A6261012200F120032261B9F1000FE8
:105FE80025D0A9F2334909EB03022046C3F1350352
:105FF800C8F800202B6003B0BDE8F083684600961F
:10600800FFF71AFD034610B3DDE90002C3F12001D2
:1060180002FA01F10143DA4061610192002AA261AA
:1060280014BF022201222261B9F1000FD9D1A3F2D3
:106038003243C8F8003004EB82031869FFF7DCFC30
:10604800C0EB421320462B6003B0BDE8F083009AF2
:106058006261019AE2E7034B0348224640F20F319E
:1060680002F0E2F8FC0300201004002049B1FF2AE6
:1060780002D80A70012070478A2303604FF0FF306E
:1060880070470846704700BF2DE9F04F2DED088B8B
:10609800D1B00C460BEE101A90460893834602F0D6
:1060A80031F8036812931846FFF74AFA20AF1090A8
:1060B800082200213846FFF719F9A3891B0603D5E2
:1060C8002369002B00F0558700239FED838B9FEDFC
:1060D800849BCDE92533CDE91333CDE9153327AAC0
:1060E8000E9324929246119304934446A1467E4B04
:1060F800D3F8E450FFF77EF94A4603461CA90097F7
:106108005846A847002800F0B080C0F2A6801C9A24
:10611800252A034601D09944E9E7B9EB0405064668
:1061280040F0A78000234FF0FF328DF86730984683
:10613800069309F1010999F8003003922B252026CE
:1061480009F10109A3F120025A2A00F2CF80DFE801
:1061580012F0E802CD00CD00E302CD00CD00CD0065
:106168006A00CD00CD0005028402CD001002C902EC
:10617800CD00BD025B005B005B005B005B005B0069
:106188005B005B005B00CD00CD00CD00CD00CD00F5
:10619800CD00CD005301CD0083011A0253015301F4
:1061A8005301CD00CD00CD00CD001502CD00CD00AE
:1061B8009602CD00CD00CD00AB01CD00AA02CD00E6
:1061C800CD00E306CD00CD00CD00CD00CD00CD0043
:1061D800CD00CD005301CD008301DE0153015301F1
:1061E80053017702DE017F00CD008902CD005F02F6
:1061F800E0062F027F00CD00AB017C00B806CD0081
:10620800CD00BD06CD007C00A3F13002002119F8B5
:10621800013B01EB810102EB4101A3F13002092AA4
:10622800F5D906918EE7584601F06CFF436815933F
:106238001846FFF785F91690584601F063FF836802
:106248001393169B002B40F02D8699F8003077E7C2
:1062580099F8003048F0200872E7082200213846F3
:10626800FFF744F80123994441E7B9EB04050646D2
:1062780011D0269B2B442693259B0133072BCAE973
:10628800004525931CDC0AF1080A049B2B4404935F
:10629800002E7FF447AF269B002B41F00B821BEEAC
:1062A800103AB3F90C3013F0400F049B18BF4FF0AD
:1062B800FF330493049851B0BDEC088BBDE8F08F10
:1062C8001BEE101A24AA584602F05AFF0028E6D1FD
:1062D8000DF19C0AD9E700BF000000000000000093
:1062E800FFFFFFFFFFFFEF7FD40F00200B93002B72
:1062F800D1D00021CDE90C118DF8DC3001238DF8C7
:10630800671002930791059303910F9137AC18F02A
:106318000203099302D0029B0233029318F084030C
:106328000A9305D1069B029A9D1A002D00F36983F2
:10633800269A89B125990DF1670001310132CAF811
:10634800000007294FF0010026922591CAF80400A1
:1063580000F3A2830AF1080A099B83B1259B1AA9B5
:1063680001330232CAF80010072B4FF002012692BF
:106378002593CAF8041000F3A3830AF1080A0A9BBC
:10638800802B00F06C82039B05995D1A002D00F3A9
:10639800A58218F4807F40F00D82059BCAF804306E
:1063A8001A44259BCAF800400133072B26922593EF
:1063B80000F31B830AF1080A18F0040F05D0069BA6
:1063C80002995C1A002C00F38883049B06990298B2
:1063D8008142ACBF5B181B180493002A40F0B082BE
:1063E80000232593079B1BB107995846FFF766F9C9
:1063F8000DF19C0A4C4679E60B93089B073323F072
:106408000703B3EC028BB0EEC87BB4EE497BF1EE28
:1064180010FA089340F3E984B5EEC08BF1EE10FA58
:1064280001F159809DF86710AB4CAC4B28F08008FF
:106438000B9A472AC8BF1C460023CDE90C33032218
:1064480007930292059203930F9300293FF45FAFDD
:10645800029B013302935AE7432B0B9303D018F0A6
:10646800100F00F05D85089D0822002122A837AC96
:10647800FEF73CFF22AB55F8042B2146584602F0A4
:1064880039FE03460133059001F0EE82059B08951D
:1064980023EAE37302930021CDE90C118DF867100C
:1064A800079103910F9132E70B93089B1A4600233B
:1064B8008DF86730134653F8044B0893002C00F00E
:1064C80048850B9B532B00F0EC8618F010030C93B7
:1064D80040F0E786039B5D1C01F0E5800C991A46A5
:1064E800204601F015FE0790002801F02883079B3D
:1064F8001A1B05920C9B039322EAE2720F930D93E9
:10650800079373239DF8671002920B939DE718F089
:10651800200F0B93089B3DD0073323F007031A463F
:1065280011465B6851F8082B08911946002BC0F2F8
:106538000C84039B013300F09E8228F0800052EA0D
:106548000103029040F09982039B002B40F09A824D
:10655800804600230393059350AC06E1089B53F84B
:10656800042B0692002A80F21984069A0893524254
:10657800069299F8003048F00408E1E599F80030EF
:1065880048F00808DCE548F0100818F0200F0B93D5
:10659800089BC1D118F0100F40F00B8418F0400F81
:1065A80000F0038433F9042B0893D1170B46BDE799
:1065B800089B48F00202029253F8042B089347F60E
:1065C8003003ADF868307820454B11930021022341
:1065D8000B900020039C8DF86700601C00F0AD80D4
:1065E800029820F0800852EA010040F0A480002CB4
:1065F80040F0AE86002BACD1029B13F0010305934B
:1066080000F0D18330238DF83F310DF23F14ACE018
:1066180018F0200F40F0D48318F0100F40F09F8638
:1066280018F0400F40F0978718F4007F00F0978625
:10663800089B049953F8042B089311704C4655E5B0
:1066480099F80030682B03BF99F8013048F40078B6
:1066580009F1010948F0400872E599F800308DF811
:1066680067506DE599F800306C2B03BF99F801303D
:1066780048F0200809F1010948F0100860E50B937B
:1066880048F0100818F0200100F05183089B0733E8
:1066980023F00703596853F8082B089328F48063FC
:1066A8000293002395E70B9348F010030293029B93
:1066B80013F0200100F02983089B073323F0070318
:1066C800596853F8082B0893012382E799F800309A
:1066D80048F0800834E500BFDC050020E005002014
:1066E800EC050020494611F8013B2A2B01F04982AC
:1066F800A3F13002092A894698BF002101F244819A
:1067080019F8013B01EB810102EB4101A3F13002D1
:10671800092AF5D9039115E599F8003048F00108E0
:106728000EE59DF86730002B7FF48FAD99F80030A7
:106738008DF8676004E5CDF80880012B00F09D8195
:10674800022B50AC20D1119802F00F031209C35C40
:1067580004F8013D42EA0172090952EA0103F3D142
:1067680050AB1B1BDDF808800593059A03989DF82C
:10677800671082424FF00003B8BF0246CDE90C33E0
:10678800079302920F9360E602F00703D20842EAE9
:106798004172C908303352EA0105204604F8013D28
:1067A800F2D1029AD10700F14D8250AB1B1B9046E3
:1067B8000593DAE70B9B652B40F3D480B5EE408B4D
:1067C800F1EE10FA40F0C181259BBA49CAF80010D1
:1067D800013301320121072B26922593CAF80410B0
:1067E80000F351850AF1080A1B9B0E998B4280F22F
:1067F800D082109B12991A44CAE90013259B26924D
:106808000133072B259300F397830AF1080A0E9B9F
:106818005C1E002C7FF7D0AD102C259B40F36E85B5
:106828001BEE106A102505E00AF1080A103C102C2E
:1068380040F364850133A0491032072BCAE90015DB
:10684800CDE92532F0DD24AA3146584602F098FCFD
:1068580000287ED1DDE925320DF19C0AE6E7069B8A
:1068680002995D1A002D7FF78EAD102D259B21DD35
:10687800099410261BEE104A04E0103D102D0AF171
:10688800080A16DD01338C491032072BCAE90016B5
:10689800CDE92532F1DD24AA214658460DF19C0A9E
:1068A80002F06EFC002854D1103D102DDDE9253290
:1068B800E8DC099C8049CAF8045001332A44072BB4
:1068C800CDE92532CAF8001000F32685039B059907
:1068D8005D1A002D0AF1080A7FF75BAD102D259B84
:1068E8001FDD514610261BEE10AA04E0103D102DA6
:1068F80001F1080114DD01336F481032072BC1E99B
:106908000006CDE92532F1DD24AA5146584602F0A9
:1069180037FCF0B9103D102DDDE9253227A9EADC56
:106928008A4601336449CAF804502A44072BCDE942
:106938002532CAF8001000F3DA810AF1080A28E5BE
:106948001BEE101A24AA584602F01AFC00283FF43D
:1069580047AD079B002B3FF4A2AC07995846FEF7BA
:10696800ADFE9CE40E9B012B40F37A81259BCAF86F
:106978000040013301320121072B26922593CAF8E2
:10698800041000F3F8810AF1080A109912980133EB
:106998000A44072BCAE90001CDE9253200F3DD815D
:1069A8000AF1080AB5EE408BF1EE10FA00F0778193
:1069B8000E990133013901340A44072BCAF8004003
:1069C8002593CAF80410269200F35B810AF1080A9D
:1069D8001499CAF8041001330A44072B1EA9CDE9FB
:1069E8002532CAF800107FF7E5AC1BEE101A24AA6E
:1069F800584602F0C5FB0028ABD1269A0DF19C0A37
:106A0800DAE4102DDDE925122C4E24DD179410232D
:106A18001BEE104A084604E0103D102D0AF1080A42
:106A280017DD013010320728CAE90063CDE92502D5
:106A3800F2DD24AA214658460DF19C0A02F0A0FB7B
:106A4800002886D1103D102DDDE925024FF01003F6
:106A5800E7DC179C014601312A440729CDE92512B4
:106A6800CAF80060CAF8045000F3BD839DF86710A7
:106A78000AF1080A5DE4CDF808800A2A71F10003DA
:106A880080F0458330320123DDF808808DF83F21FE
:106A980005930DF23F1468E61BEE101A24AA584617
:106AA80002F06EFB00287FF454AF269A0DF19C0A81
:106AB80052E400BF1C060020B40A00202006002073
:106AC8001BEE101A24AA584602F05AFB00287FF43D
:106AD80040AF269A0DF19C0A51E4102C259BBE4E1E
:106AE8001FDD1BEE108A102504E0103C102C0AF163
:106AF800080A16DD01331032072BCAE90065CDE913
:106B08002532F2DD24AA414658460DF19C0A02F0CE
:106B180037FB00287FF41DAF103C102CDDE925322F
:106B2800E8DC01332244072BCAE90064CDE92532A9
:106B38007FF74BAC1BEE101A24AA584602F020FB34
:106B480000287FF406AF269A3FE41B99002940F3FA
:106B58005A830C9E0E9B9E42A8BF1E46002E0BDD3C
:106B6800259B01333244072BCAE900462692259318
:106B780000F389860AF1080A0C9D002EA8BFAD1BF8
:106B8800002D00F303820C9B18F4806F23440593B7
:106B980040F01F821B9B0E998B4203DB18F0010FFC
:106BA80000F0CF84109912980A44CAE90001259987
:106BB800269201310729259100F3A5860AF1080AD2
:106BC8000E996518CC1A059BED1AA542A8BF254653
:106BD800002D0DDDCAF80030259BCAF8045001339A
:106BE8002A44072B2692259300F3BB860AF1080A4C
:106BF800002DA8BF641B002C7FF7DEAB102C259B53
:106C080040F37C831BEE106A102505E00AF1080AA0
:106C1800103C102C40F37283013370491032072B5B
:106C2800CAE90015CDE92532F0DD24AA31465846D7
:106C380002F0A6FA00287FF48CAEDDE925320DF1CA
:106C48009C0AE5E7302B3FF48BAD3023023804F87B
:106C5800013C50AB1B1ADDF808800593044684E517
:106C680018F0010F7FF482AE259BCAF8004001336B
:106C780001320121072B26922593CAF804107FF7C9
:106C8800A5AE1BEE101A24AA584602F079FA00287D
:106C98007FF45FAEDDE925320DF19C0A98E60E9986
:106CA8004C1E002C7FF794AE102C40F361831BEE32
:106CB800106A102505E00AF1080A103C102C40F370
:106CC8005783013345491032072BCAE90015CDE92E
:106CD8002532F0DD24AA3146584602F051FA002840
:106CE8007FF437AEDDE925320DF19C0AE5E71BEEAE
:106CF800101A24AA584602F043FA00287FF429AE55
:106D0800269A0DF19C0AFFF744BB029B13F010036F
:106D180040F0C180029A12F0400200F07A8308988D
:106D280050F8042B0890194692B2012351E418F048
:106D3800100355D118F0400200F05D83089850F810
:106D4800042B0890194692B2A8E4524261EB410123
:106D5800CDF808802D2001233CE41BEE101A24AA4C
:106D6800584602F00DFA00287FF4F3ADDDE925322C
:106D78000DF19C0A16E61BEE101A24AA584602F0DA
:106D8800FFF900287FF4E5ADDDE925320DF19C0A15
:106D9800FBE518F0010F3FF40FAB2AE5089399F8CB
:106DA8000030FFF7CDB950ACDFE418F4007F40F0B5
:106DB800DB8353F8042B0893D1170B46FFF7B6BBB8
:106DC800089B049853F8041B0893C217C1E90002F2
:106DD8004C46FFF78BB900BF20060020B40A0020FC
:106DE800089B53F8042B089358E4B4EE488BF1EE53
:106DF80010FA80F194860B9B612B00F05285412B91
:106E080000F0C085039B01330B9B23F0200500F0A5
:106E18008084472D04D1039B002B08BF01230393D3
:106E280018EE903A002B48F480724646C0F2188655
:106E3800B0EE48AB00239046099307930B9B413B68
:106E4800252B00F29883DFE813F06F04960396036E
:106E5800960368046C0496039603960396039603B8
:106E68009603960396039603960396039603960352
:106E78009603960396039603960396039603960342
:106E88009603960396039603960396039603960332
:106E9800960368046C04089B53F8042B0893012399
:106EA800FFF797BB139B002B3FF4CFA9139B1B78CD
:106EB800002B3FF4CAA999F8003048F48068FFF71E
:106EC8003FB90B93CDF80880FFF7F1BB0B939A4BB2
:106ED800119318F0200100F00581089B073323F077
:106EE8000703596853F8082B089318F0010F0AD0C4
:106EF80052EA010307D00B9B8DF86930302348F024
:106F080002088DF8683028F4806302930223FFF7A3
:106F180060BB0B93FFF7B6BB0B93884B1193D8E775
:106F2800089B012153F8042B02918DF8DC2008936B
:106F3800059137ACFFF7AFBA1BEE101A24AA5846D2
:106F480002F01EF900287FF404AD269A0DF19C0A80
:106F58005DE4039B0794062B224628BF062303946F
:106F68002146CDE90C22764C029305930F92FFF748
:106F78006CBA40215846FDF743FA2060206100288A
:106F880000F00F8640236361FFF79EB8102D259B04
:106F980040F35D82514610261BEE10AA04E008312A
:106FA800103D102D40F35282013366481032072BF2
:106FB800C1E90006CDE92532F1DD24AA514658463B
:106FC80002F0DEF800287FF4C4ACDDE9253227A9F9
:106FD800E6E70E9BCDF82490E31803930D9BCDF8BC
:106FE8002880139E059DDDF85890DDF83C800B94B1
:106FF8001BEE101A5046002B34D0B8F1000F35D1D3
:107008000D9B013B013E0D93159BC0E90039259B63
:1070180001334A44072B269225936CDC0830039BE6
:1070280096F800C05B1B6345A8BF6346002B9A46D1
:107038000CDD259C01341A44072CC0E90053269224
:10704800259400F3778196F800C00830BAF1000F54
:10705800ACBFACEB0A046446002C0ADC65440D9B0B
:10706800002BCAD1B8F1000F00F0AC8308F1FF384B
:10707800CAE7102CDDF894C024DD05954FF0100AFE
:1070880063460D4604E0103C102C00F1080016DDA4
:1070980001332C491032072BC0E9001ACDE92532FB
:1070A800F1DD24AA2946584602F06AF800287FF440
:1070B80050AC103C102CDDE9253227A8E8DC294625
:1070C800059D9C460CF1010322444460072B1D4C8E
:1070D8000460CDE9253200F3C68396F800C0083075
:1070E8006544BCE718F0100300F0C280089B53F811
:1070F800042B0893F9E624AA5846059102F040F8B3
:1071080000287FF426AC269A059927A887E70298D5
:10711800CDF81CA050AC00F4806000250AEE10BA2F
:10712800094BDDF84CA0CDF81490A3464FF00508A4
:10713800AC46044610E000BFEC0500200006002025
:1071480014060020B40A0020CDCCCCCC0A2A71F158
:10715800000136D34A463146501840F10000A3FBDF
:10716800005626F0030505EB9605401B151A4FF04F
:10717800CC3661F1000E06FB05F6A5FB039503FB73
:107188000E6609F0010E2E44AEFB085E2D184FEA7C
:10719800590930350BF8015C49EAC6790CF1010C44
:1071A8000BF1FF3B7608002CD0D09AF800008445FC
:1071B800CCD1BCF1FF0FC9D00A2A71F1000180F0CF
:1071C8008F815C4650AB1B1BDDF81490CDF84CA0AA
:1071D8001AEE10BADDF81CA0DDF80880CDF838C02A
:1071E8000593FFF7C2BA1BEE101A24AA584601F0FD
:1071F800C7FF00287FF4ADAB9DF86710269A0DF104
:107208009C0AFFF796B8259BBE48CAF800000133D0
:1072180001320120072B26922593CAF8040000F3B7
:1072280077810AF1080A002940F0AF800E9908F02A
:1072380001030B433FF4C0A8109B12991A44CAE9F2
:107248000013259B26920133072B259300F35282C6
:107258000AF1080A0E99CAF8004001330A44072BBC
:10726800CDE92532CAF804107FF7A4A8FFF7BDBB03
:1072780018F0400200F0DD80089850F8042B0890C0
:10728800194692B231E61BEE101A24AA584601F0AC
:1072980077FF00287FF45DAB269A0DF19C0AFFF773
:1072A800A3BA22AE0822002130461D94FEF71EF82C
:1072B800039B5A1C00F0DB800025CDF80890CDF820
:1072C8001C809946A8460CE037A9584601F012FFE1
:1072D800431C404400F0C883484508DC00F018848B
:1072E80080461D9A525933460435002AECD1CDF810
:1072F8001480DDF80890DDF81C80C5E00133824970
:10730800CAF804402244072BCAF80010CDE92532F8
:107318007FF750A8FFF769BB1BEE101A24AA58463E
:1073280001F02EFF00287FF414AB269A0DF19C0A79
:10733800FFF729B824AA5846059101F021FF002833
:107348007FF407AB96F800C0269A059927A87DE632
:10735800012BCDF808807FF4F3A9FFF793BB089BB6
:10736800049953F8042B4C4611600893FEF7BEBEEF
:1073780001336549CAF804402244072BCDE9253278
:10738800CAF800107FF722AB7BE4109B12981A44CE
:10739800CAE90003259B26920133072B259300F3A6
:1073A800A9810AF1080A0029BFF654AF4D421031ED
:1073B80080F20F831BEE101A102605E00AF1080A66
:1073C800103D102D40F3058301334F481032072B31
:1073D800CAE90006CDE92532F0DD24AA5846039112
:1073E80001F0CEFE00287FF4B4AADDE92532039926
:1073F8000DF19C0AE4E7089B18F400711ABF1146C6
:1074080053F8042B53F8042B089318BFD2B2FFF794
:1074180045B9029B13F40071089B1ABF114653F833
:10742800042B53F8042B089318BFD2B20123FFF79B
:10743800D0B8089B18F400711ABF114653F8042BF2
:1074480053F8042B089318BFD2B24EE58A4601338D
:107458002D49CAF804502A44072BCDE92532CAF829
:10746800001000F339810AF1080AFFF78CBB0023EA
:10747800194600961DAA584601F062FE03460133DC
:10748800059000F0F1821D94059B002B4ED0632BD4
:1074980000F318810023079337AC082200213046F7
:1074A800FDF724FF059D00962B461DAA2146584648
:1074B80001F046FE854240F07C83059A0023A354E0
:1074C80022EAE272CDE90C339DF867100393029229
:1074D8000F93FEF7BABF2D218DF86710FEF7A4BFF2
:1074E800169B1599ABEB030B1A465846FDF750FF50
:1074F8009AF80120054B0AB10AF1010A4FF0000C75
:1075080028E600BF1C060020B40A0020CDCCCCCC55
:107518001BEE101A24AA584601F032FE00287FF408
:1075280018AA1B99269A0DF19C0A7CE6059B9DF8E2
:1075380067100F93CDE90233CDE90C330793FEF7BB
:1075480084BF0E99059865182D1ACC1AA542A8BFB4
:107558002546FFF74DBB089B049953F8042B089365
:1075680011804C46FEF7C2BD13F9042B0893D117BE
:107578000B46FEF7DBBF039A022122AB01931DAB3A
:10758800009358461BABB0EE4A0B029200F03CFF4A
:10759800472D029A044600F06181462D104405D11A
:1075A8002378302B00F06F821B9A1044B5EE40AB65
:1075B800F1EE10FA40F0468103461B1B0E93472D4F
:1075C80000F01081462D00F0B5811B9B0C930C9B9D
:1075D800412D03F1FF331B9300F0E5819DF82C202A
:1075E8000021002BB8BF0C9B8DF87820BABFC3F1DF
:1075F80001032D222B22092B8DF8792040F3DA8103
:107608000DF18F05DFF81CC42A4610468CFB0321B8
:10761800DA17C2EBA10202EB8201A3EB4101303180
:1076280000F8011C19466329134600F1FF32ECDC0F
:107638003033D9B2831E9D4202F8011C40F28B827E
:1076480013460DF17A0201E013F8011B02F8011B41
:107658009D42F9D10DF191030DF17A021B1A1344E1
:107668001EAA9B1A14930E9B149A012B1A44059276
:1076780040F30382059B109A1344059326F4806314
:10768800059A43F480780023CDE90C3322EAE272AC
:107698000F930292099B002B40F0B1809DF8671070
:1076A8000393FEF7D2BE2046FDF74AFF0246059037
:1076B800FEF720BF1BEE101A24AA584601F060FD01
:1076C800FEF7EDBD591C5846FCF79AFE0446002803
:1076D80000F0CA810790E0E61BEE101A24AA58466B
:1076E80001F04EFD00287FF434A9269A0DF19C0A7A
:1076F800FFF749BA1BEE101A24AA584601F040FDBC
:1077080000287FF426A9DDE925321B990DF19C0A92
:1077180049E606230393FFF783BB039B02215A1C08
:107728002BE7039A032128E71BA8B0EE4A0B00F0C9
:107738003FFDB4EE007B20EE070BB5EE400BF1EEFB
:1077480010FA01D101231B93B348039BB3EE005BEE
:10775800013B224604E0B5EE400BF1EE10FA13D0DF
:1077680020EE050BFDEEC07BB3F1FF3F17EE901A3C
:10777800415CB8EEE76B944630EE460B02F8011B0D
:10778800194603F1FF33E6D1B6EE006BB4EEC60B33
:10779800F1EE10FA00F34881B4EE460BF1EE10FA60
:1077A80004D117EE903ADB0700F13E81002906DB91
:1077B8004B1C1344302102F8011B9342FBD1131BCD
:1077C8000E93FCE60B9C0E9BDDF82490DDF82880D8
:1077D8001396E3189D42294628BF1946824605910B
:1077E800FFF7D8B91B9B0C93DA1C02DB039A934270
:1077F8000CDD0B9B023B0B9323F02005E7E62D21C4
:1078080000238DF867100393FEF722BE0C9B0E9A97
:107818009342C0F2BD80F0070C9B40F13281109A70
:1078280013440593710503D50C9B002B00F3358198
:10783800059B23EAE373029367230B9300230F93BB
:107848000D9327E7229B8342BFF4B7AE30215A1C21
:1078580022921970229B9842F9D8AEE6F30700F1FC
:10786800A780229BA9E624AA5846059101F088FC26
:1078780000287FF46EA896F800C0269A059927A8D4
:107888006544FFF7ECBB1BEE101A24AA584601F01A
:1078980077FC00287FF45DA8269A0DF19C0AFFF773
:1078A8006BB978238DF8693030238DF86830039BE5
:1078B800632B48F0020600F3A6800023079337AC39
:1078C80018EE903A002B48F481782BDBB0EE48ABE9
:1078D8000B9B23F02005002309930B9B612B7FF45E
:1078E800ADAAB0EE4A0B1BA800F062FCB4EE007B18
:1078F80020EE070BB5EE400BF1EE10FA01D1012393
:107908001B93464821E71BEE101A24AA584601F09B
:1079180037FC00287FF41DA81B9B269A0DF19C0AB2
:10792800FFF74EB90B9B23F020052D230993B1EEE9
:1079380048ABD2E71B9A0C92002A06F0010340F3E9
:107948000D8103990B4340F0CF800C9B0593662370
:107958000B93720500F1A380059B23EAE37302935E
:107968006CE71BEE101A24AA584601F009FC0028FF
:107978007EF4EFAF1B9C0E9B269A1C1B0DF19C0AF4
:10798800FFF736B958238DE700220392FEF7DABBDA
:107998000E9B109A9A180C9B0592002B40F3AB8013
:1079A80067230B93D5E70B9A0F32D2B2012118E661
:1079B800A018FBE5002940F0A88030228DF87A2035
:1079C8000DF17B02303302F8013B1EABD31A14933E
:1079D80049E601331249CAF804502A44072BCDE975
:1079E8002532CAF800107FF733AC1BEE101A24AA10
:1079F800584601F0C5FB00287EF4ABAFDDE925321F
:107A08000DF19C0A26E4591C5846FCF7F9FC04467B
:107A180050B3079054E700BF00060020EC05002093
:107A2800B40A002067666666CDF888C012F8011CA3
:107A380090F80FC0614513460AD14FF0300E03F895
:107A480001EC229B591E229113F8011C8C45F6D09B
:107A5800392916BF0131817AC9B203F8011CAEE693
:107A680000239046079360E71BEE102AB2F90C300A
:107A780043F040039381FEF716BCF5077FF5FEAD92
:107A8800F8E50593CEE6B5EE40ABF1EE10FA3FF41B
:107A98008BADC2F101021B9287E567230B93139903
:107AA8000B78FF2B79D000250C9A284603E001308B
:107AB8000131FF2B08D0934206DAD21A4B78002BFB
:107AC800F5D10B780135F4E70C9213910D900F95D1
:107AD8000F9A0D9B16991344059A01FB03230593EE
:107AE80023EAE3730293D5E5109BD3181944662360
:107AF80005910B932DE7C3F101031A4422EAE273BF
:107B08000293672305920B9398E60DF17A0259E7E1
:107B1800039BDDF80890DDF81C800593B4E418EEAB
:107B2800903A002BB4BF2D219DF86710254C264BA9
:107B3800B8BF8DF8671028F08008FEF779BC039B62
:107B48000293059373239DF8671003900F900D908F
:107B58000B93FEF77ABC0223149384E5039A13432C
:107B680005D10123662202930B92059366E6109BCA
:107B780001331A4422EAE2730293662305920B93B7
:107B88005CE6089A99F80130894652F8041B089275
:107B980041EAE1710391FEF7D3BA00230F930D93E5
:107BA80096E70C23CBF800304FF0FF330493FEF731
:107BB80081BB1BEE102A938943F040039381FEF7A3
:107BC800C8BE00BFE4050020E805002070B5002904
:107BD8004BD006460C4610B1436B002B48D0636E61
:107BE800D80734D5B4F90C30002B3ED021463046A6
:107BF800FDF7AEF8E36A054633B1E16930469847C8
:107C08000028B8BF4FF0FF35A3891A063CD4216B72
:107C180041B104F14003994202D03046FDF74EFDD0
:107C280000232363616C21B13046FDF747FD002333
:107C38006364FDF703FA636E0022DB07A2811FD598
:107C4800A06DFDF76FFCFDF7FFF9284670BDA3890D
:107C58009905CBD4A06DFDF767FCB4F90C30002B67
:107C6800C4D1656E15F0010505D00025284670BD04
:107C7800FDF7C6F9B3E7A06DFDF758FC284670BDBF
:107C8800A06DFDF753FCDBE721693046FDF716FDD3
:107C9800BDE700BF9368002B00F085802DE9F04F09
:107CA800B1F90C300C461907804683B0174698B2D4
:107CB80025D523691BB310F002033D682DD04FF082
:107CC800000ADFF8C0B25646B9465E45334652460A
:107CD80028BF5B464046002E52D0E169676AB84724
:107CE800002856DDD9F808301B1A8244361AC9F81C
:107CF8000830002BE9D1002003B0BDE8F08F214601
:107D0800404600F099F9002840F03881B4F90C3069
:107D18003D6898B210F00203D1D110F0010944D1A6
:107D28004E46009746B38205D4F808B040F18580E6
:107D3800B3455A4600F2B48010F4906F40F0C18009
:107D4800206801924946FDF755FAA368019AA3EB0A
:107D58000B012368A1601344B24623600026009AF1
:107D68009368A3EB0A03D1449360002BC3D0B4F902
:107D78000C0080B2002ED6D1D5E900960835D1E79F
:107D8800D5E900A60835A0E721464046FDF778F872
:107D980088B3B4F90C3043F040034FF0FF30A381AF
:107DA80003B0BDE8F08F002070471E46BA469946DA
:107DB800184600951F4666B3002832D04A46D4E9D3
:107DC80004132068A568B24228BF3246884204D905
:107DD80005EB030B5A4500F3A780934264DCE16985
:107DE800656A3A464046A847B0F1000BD1DDB9EBC9
:107DF8000B09C9D00120DAF80830A3EB0B035F4464
:107E0800A6EB0B06CAF80830002B3FF474AF002E1F
:107E1800D2D1009A5668134608320092002EF8D044
:107E28001F6832460A21384600F072F9002800F02F
:107E38009C800130A0EB0709C0E7206823699842BD
:107E480016D86269B24213D86FF00043B34228BF14
:107E58003346E16993FBF2F3676A02FB03F340469A
:107E68004A46B847B0F1000A93DDA6EB0A0676E762
:107E7800B345DA4628BFB24652464946FDF7BAF935
:107E8800A3682268A3EB0A035244A3602260002B74
:107E9800EBD121464046FCF7F3FF0028E5D078E710
:107EA8002068B34632464CE739460192FDF7A2F9FD
:107EB800019AA3689B1AA36023681344236093461E
:107EC80095E723682169A3EB010B636903EB430A78
:107ED8000AEBDA7A0BF101034FEA6A0A3344534595
:107EE800524684BF9A46524643052CD51146404611
:107EF800FCF786FA00283BD05A4621690190FAF728
:107F08005FFEA289019B22F4906242F08002A28166
:107F180003EB0B002361AAEB0B03C4F814A0A360C6
:107F28002060B34632460CE739465A46FDF762F9F7
:107F380023685B44236021464046FCF7A1FF0028E4
:107F48003FF455AF25E74046FCF716FD03460028E9
:107F5800DED121694046FDF7B1FBB4F90C300C22A3
:107F680023F08003C8F8002015E7721C914626E725
:107F78000C22B4F90C30C8F800200CE74FF0FF30A1
:107F8800BAE600BF00FCFF7FF8B50D46144606466A
:107F980010B1436B002B4CD0B4F90C20A369A3603B
:107FA800170790B21BD52369CBB1EDB281042F46D8
:107FB80022D522686169D31A994229DD0133A16863
:107FC8000139A160511C2160157062699A4227D05D
:107FD800A389DB0701D50A2D22D03846F8BD2146F2
:107FE800304600F029F808BBB4F90C20236990B298
:107FF800EDB281042F46DCD442F40052A281626EB5
:10800800616922F4005262662268D31A9942D5DC6B
:1080180021463046FCF734FF40B922680123CEE7F9
:1080280021463046FCF72CFF0028D6D04FF0FF370A
:10803800D3E7FCF7E5FFAFE738B5314B1B680546DA
:108048000C4613B15A6B002A4ED0B4F90C301807FD
:108058009AB21CD5216929B312F0010007D000207B
:10806800A06060694042A06139B1002038BD950721
:1080780058BF6069A0600029F7D1120658BF0846AA
:10808800F4D543F04003A3814FF0FF3038BDD1064B
:108098002ED5520714D4216943F00803A3819AB25C
:1080A8000029D9D102F42070B0F5007FD4D0214640
:1080B800284602F027F9B4F90C3021699AB2CBE7C7
:1080C800216B51B104F14002914204D02846FDF7DA
:1080D800F5FAB4F90C300022226321690022C4E9C0
:1080E800001223F02403D7E71846FCF789FFACE712
:1080F800092243F040032A604FF0FF30A38138BDC6
:108108005C15002000487047C410002000000000E3
:1081180001F0FF01102A2BDB10F0070F08D010F830
:10812800013B013A8B422DD010F0070F42B3F6D134
:10813800F0B441EA012141EA014122F007047FF04D
:1081480000070023F0E80256083C85EA010586EAA4
:10815800010685FA47F5A3FA87F586FA47F6A5FAE0
:1081680087F68EB9EED1F0BC01F0FF0102F00702EC
:1081780032B110F8013B013A83EA010313B1F8D197
:108188000020704701387047002D06BF3546033878
:10819800073815F0010F07D1013015F4807F02BFB1
:1081A800013015F4C03F0130F0BC0138704700BF02
:1081B80030B482B08DED000B019A194C22F00043C7
:1081C8000021A342016021DC009C1C431ED0154CF9
:1081D800144054B99FED107B20EE077B8DED007B9A
:1081E800019A6FF0350122F0004322F0FF42DDE9E9
:1081F800004522F4E00242F07F551B1545F40015B6
:10820800A3F2FE33CDE900450B4403609DED000B5E
:1082180002B030BC704700BF0000000000005043AF
:10822800FFFFEF7F0000F07F00B50B4C2568144678
:10823800EE681A4685B003460D464CB107490095CD
:10824800CDE901143046064900F086FFFAF776FEBC
:1082580004490C46F3E700BF5C150020BC0300206E
:10826800CC030020C803002038B5A1FB02148CBB46
:10827800FCF7C6F80546E0B150F8042C22F00302DA
:10828800043A242A17D8132A1AD91B2AC0E9004409
:108298001DD9242A14BF00F1100200F118024FF072
:1082A8000003C0E9024404BF04614461C2E9003329
:1082B8009360284638BD2146FDF718F8284638BD92
:1082C80002460023C2E900339360284638BD00F116
:1082D8000802F6E7FDF7FAF80C2300250360E8E743
:1082E8002DE9F04F03690C69A34283B0C0F287807F
:1082F800013C01F11405A30000F11408009355F89E
:10830800243058F82420013381469A4208EB84002F
:1083180005EB84070190B2FBF3F63BD34FF0000C5A
:10832800AE464046E24663465EF804BB02681FFA62
:108338008BFC06FB0C334FEA134C4FEA1B4B06FB36
:108348000BCC9BB2AAEB03031FFA8CFA13FA82F345
:10835800CAEB124202EB23429BB243EA024377453F
:1083680040F8043B4FEA224A4FEA1C43DCD2009B08
:1083780058F8033073B9019B043B984504D307E0D0
:10838800984504F1FF3403D253F80429002AF7D0A2
:10839800C9F810404846FDF733FD00282BDB0136AD
:1083A8004146002355F8040BD1F800C082B29A1A4E
:1083B800030C12FA8CF2C3EB1C4303EB224392B278
:1083C80042EA0342AF4241F8042B4FEA2343E9D281
:1083D80058F8242008EB84036AB9043B984504D371
:1083E80007E0984504F1FF3403D253F80429002A22
:1083F800F7D0C9F81040304603B0BDE8F08F002030
:1084080003B0BDE8F08F00BF2DE9F04F2DED028BD2
:108418008FB08DED020B0191816B1A9D059357EC7E
:10842800106B0446934641B1C26B4A6001239340E6
:108438008B60FDF785FA0023A363B7F10008B4BF8A
:10844800012300232B60BE4BBCBF28F00048CDF8A9
:108458000C8033EA080300F09F809DED028BB5EE97
:10846800408BF1EE10FA11D1059A012313601B9B82
:10847800002B00F03F82B34B1B9A1360013B009323
:1084880000980FB0BDEC028BBDE8F08F0CAA0DA9C7
:108498002046B0EE480BFDF77FFD5FEA185305460E
:1084A80040F09280DDE90C130B4403F23242202A9B
:1084B80040F3FA82C2F1400208FA02F803F21242CB
:1084C800D64048EA060207EE102AB8EE477B581E47
:1084D80017EE906A53EC172B4FF0010AA6F1F873C8
:1084E8009FED913B9FED927B9FED935B06EE900A8B
:1084F80043EC122BB8EEE64BB7EE086B32EE466B48
:10850800A6EE037BA4EE057BFDEEC76BB5EEC07B44
:10851800F1EE10FA16EE907A08D5B8EEE66BB4EEE6
:10852800476BF1EE10FA18BF07F1FF37162F00F26C
:108538004581854B03EBC70393ED007BB4EEC78BF6
:10854800F1EE10FA57D5091A0023B1F1010807F125
:10855800FF370A9300F1398100230693002F52DA7E
:10856800069B0497DB1B06937B420893019B092B10
:108578004FF000074ED8052B40F39D82043B019332
:108588000026019B9A1E032A00F22581DFE812F0DB
:10859800AA03A7039D037E03059AC8F3130842F2B2
:1085A8000F7358EA060813601ED11B9B002B00F0BE
:1085B8009185664B009308331B9A009813600FB09F
:1085C800BDEC028BBDE8F08F18EE906AC6F3130677
:1085D800A3F2FF3053EC182B46F07F530C994FF061
:1085E800000A43F440137BE71B9B002B40F03B83BE
:1085F800574B009344E7091A0023B1F101080A9385
:1086080000F1E380069300230893019B0497092B4C
:10861800B844B0D900230126019307964FF0FF39DB
:108628009B460021E163CDF82C902046FDF762F9C6
:108638000090002800F04085009BA363B9F10E0F5D
:1086480000F2DC80002E00F0D980049B002B40F360
:10865800DE833D4A03F00F0102EBC10292ED007B7D
:108668001A11DB0540F182833A4991ED086B02F05B
:108678000F02032088EE065B5AB13649D60704D5A7
:1086880091ED006B013027EE067B521001F10801D5
:10869800F4D185EE076B0A9B3BB1B7EE007BB4EED5
:1086A800C76BF1EE10FA00F1AE8407EE900AB8EE4F
:1086B800E75BB1EE0C7BA5EE067B17EE902A51EC3A
:1086C800170BA2F15071B9F1000F00F08883049ED6
:1086D8004A46079B002B00F04784B6EE003B1A4B36
:1086E800FDEEC64B03EBC20CB8EEE47B36EE477BDF
:1086F8001CED026B83EE065B41EC160B14EE900A40
:1087080035EE465B0099B4EEC75B3030F1EE10FAF7
:1087180001F8010B00F3AC84B7EE002BB2EE044B6A
:108728004FF0000C31E000BF61436F63A787D23F71
:10873800B3C8608B288AC63FFB799F501344D33F48
:108748000000F07F1D060020A80200207005002010
:108758007C050020800200200CF1010C94454DDAC4
:1087680027EE047B25EE045BFDEEC76B16EE903A10
:10877800B8EEE63B303337EE437BB4EEC57BF1EE23
:1087880010FA01F8013B00F1738432EE476BB4EE46
:10879800C56BF1EE10FADFD5009A049602E08A4222
:1087A80000F05084894611F8013D392BF7D0013388
:1087B800DBB20B70049B0133049355E1091A0123C2
:1087C800B1F101080A937FF5C7AEC1F10103069321
:1087D8004FF00008C2E60026E66331462046FDF762
:1087E80089F80090002800F06784009BA3634FF08D
:1087F800FF330B9399460123B34607930D9A002A3A
:1088080055DB04990E2952DCB74BBBF1000F03EB83
:10881800C10393ED006B15DAB9F1000F12DC40F0DB
:10882800F282B1EE047B26EE077BB4EEC78BF1EE45
:1088380010FACA464E4600F26D82DDF800806FEAF3
:108848000B0B70E288EE067BBDEEC77B009917EE36
:10885800103AB9F1010F03F13003B8EEC75B01F824
:10886800013BA5EE468B00F03483B2EE044B0123A6
:1088780011E088EE067BBDEEC77B013317EE102AA8
:108888004B4502F13002B8EEC75B01F8012BA5EEAB
:10889800468B00F01E8328EE048BB5EE408BF1EE7C
:1088A80010FAE6D1049B013304938946DCE0079B68
:1088B80043B3019B012B40F37682089B09F1FF3AF1
:1088C800534580F23F82089BCDF820A0AAEB030213
:1088D80017444FF0000AB9F1000FC0F22583069B38
:1088E80009934B44C844069301212046FDF7D4F868
:1088F80006460CE07D4B009300980FB0BDEC028B50
:10890800BDE8F08F069BDDF820A0079E0993099B20
:108918006BB1B8F1000F0ADD434506991A46A8BFA6
:108928004246891A9B1A06910993A8EB0208089BEC
:1089380063B1079B002B00F0A782BAF1000F00F388
:108948000482089BB3EB0A0240F0FF820121204613
:10895800FDF7A2F8002F824600F3AF80019B012BA0
:1089680040F38781002308930120002F40F0B18055
:10897800404410F01F0000F07A81C0F12002042A60
:1089880000F3888040F0F681069B002B05DD294620
:108998001A462046FDF7BCF90546B8F1000F05DD7B
:1089A800514642462046FDF7B3F982460A9B002B02
:1089B80040F03F81B9F1000F40F32581079B002B60
:1089C80040F0A380049B01330493DDF80080012765
:1089D80007E0294600230A222046FCF7BBFF01379F
:1089E800054651462846FFF77BFCB94500F13000A3
:1089F80008F8010BEDDCB9F1000F009ACCBFCB46AB
:108A08004FF0010B034693440027294601222046D4
:108A18000193FDF77DF951460546FDF7F1F9002868
:108A280040F3AF811BF8013C009A0BF1FF3B04E0D7
:108A38005A4500F0B1811BF8013D392B0BF10109B2
:108A4800F6D001338BF8003051462046FCF778FF0A
:108A580056B12FB1B74203D039462046FCF770FF14
:108A680031462046FCF76CFF29462046FCF768FF94
:108A7800002389F80030DDE904231A601B9B002BD2
:108A88003FF4FEAC0098C3F800900FB0BDEC028B29
:108A9800BDE8F08FC0F11C00069B03440693099BB8
:108AA8000344099380446FE7C2F1200206FA02F2F8
:108AB80007EE102A09E5012663E501463A462046F5
:108AC800FDF7C6F8019B012B824640F3C5810023C0
:108AD8000893DAF810200AEB82021069FCF78CFF81
:108AE800C0F1200044E700BFA80200201C060020B7
:108AF800314600230A222046FCF72CFF0B9B002B53
:108B0800064640F3CE8204979946099B002B05DD63
:108B180031461A462046FDF7FBF80646089B002B0F
:108B280040F0EB81B046029B009F03F001027B1EE0
:108B38004B440893019B0A921343099351462846D4
:108B4800FFF7CEFB314683462846FDF759F94246E2
:108B5800514681462046FDF775F9C26801460BF17A
:108B68003003002A42D1CDE906032846FDF748F92B
:108B7800069902902046FCF7E3FE029A079B1AB971
:108B88000999002900F07E82B9F1000FC0F28381B3
:108B9800019949EA01090A9951EA090900F07B811A
:108BA800002A00F3C681089A3B7007F10109974231
:108BB800CB4600F0C481294600230A222046FCF750
:108BC800C9FE4645054631464FF000034FF00A02FC
:108BD800204612D0FCF7BEFE4146064600230A2274
:108BE8002046FCF7B7FE4F468046A7E7204602938B
:108BF800FCF7A6FE029B0122C6E7FCF7ABFE4F4638
:108C0800064680469AE7019B022B71DC079B002BE6
:108C18007FF47BAF049B5146013328460493FFF74A
:108C28005FFBDDF800B000F130030BF8013B0027D3
:108C3800EBE651462846FDF7E3F80028BFF6BAAE42
:108C4800294600230A222046FCF784FE049B5F1E67
:108C5800079B0546002B7FF44BAF0B9B002B40F383
:108C680018829946B1E6BC4B00930333A4E41C2058
:108C780012E7DDE9020100287FF474AEC1F31302A4
:108C8800002A00F0F480029B08936DE60123079305
:108C9800049B5B4403F10109B9F1010FCC460B9326
:108CA800B8BF4FF0010C0021BCF1170FE1637FF74B
:108CB800BCAC01200422520002F1140363450146B2
:108CC80000F10100F7D9E163AFE401230793BBF199
:108CD800000F52DDCDF82CB0D946DC46E3E700237F
:108CE8000793D5E700230793F1E7DDF82C90049765
:108CF800B9F1000F7FF4A1AD51464B46052220463D
:108D0800FCF728FE014682462846FDF779F8002838
:108D18007FF793AD049B03F1010B009B312298462A
:108D280003F8012B009351462046FCF709FE0BF18E
:108D38000103DDF800900493CDF80080002E7FF445
:108D48008FAE91E6A3EB0A0AC5E5314652462046A6
:108D5800FCF77EFF2A46014606462046FCF7CAFE77
:108D6800294605462046FCF7EBFDEAE50220B0EE71
:108D7800485B81E4C0F13C008EE64FF0010BD94618
:108D88004FE403D1019BDB073FF54CAED9461BF8F6
:108D9800013D302BFAD057E6049B009A0133049327
:108DA8003123137050E6BAF1000F00F0238102F26C
:108DB8003342069B09931344DDF820A006939044A0
:108DC80092E507EE900AB1EE0C5BB8EEE77BA6EEF3
:108DD800075B15EE902A51EC150BA2F1507141EC8E
:108DE800150BB1EE047B36EE477BB4EEC57BF1EE96
:108DF80010FA00F33781B1EE455BB4EEC57BF1EEB6
:108E080010FA7FF5FBAC4FF0000A564615E500F066
:108E1800F580049B51495A4202F00F0001EBC00152
:108E280091ED006B121128EE066B00F04281B0EE56
:108E3800467B4B4900260220D30705D591ED005B00
:108E48000130012627EE057B521001F10801F3D10C
:108E5800002E06FE076B1EE4029B002B7FF437AE44
:108E6800DDE90201C1F31302002A40F037813D4ACF
:108E78000A40002A00F0FA80069B0133069301237A
:108E880008F1010808936FE52946089A2046FCF77F
:108E9800DFFE05465AE5002A12DD29460122204652
:108EA8000193FCF735FF51460546FCF7A9FF00285A
:108EB800019B40F3E180392B00F0CA800BF13103AC
:108EC800B94609F8013B049B0133374604934646EB
:108ED800BAE538EE088BB4EEC68BF1EE10FA0ADC70
:108EE800B4EE468BF1EE10FA7FF4DCAC17EE103AD4
:108EF800D8077FF5D7AC009A54E471682046FCF790
:108F0800F9FC0746002800F0DE80336902339A0036
:108F180006F10C010C30F9F753FE394601222046C0
:108F2800FCF7F6FE8046FEE5069BA3EB09030993D2
:108F3800DAE4392B00F08C80B9460133C1E7049A92
:108F480001323746049246465FE529462046FCF73B
:108F58007FFE0546FAE400BF7C050020A802002039
:108F6800800200200000F07F5E4BFDEEC65B03EB45
:108F7800C20C1CED023BB8EEE57B36EE477B41ECBC
:108F8800160B15EE901A23EE063B00983031012A95
:108F980000F8011B00F08380B2EE044B009B991887
:108FA80027EE047BFDEEC76B16EE903A303300F8DF
:108FB800013B8142B8EEE65B37EE457BF0D1B6EE79
:108FC800006B33EE065BB4EEC75BF1EE10FA3FF5CB
:108FD800E3AB36EE436BB4EEC76BF1EE10FA7FF7F6
:108FE8000DAC8946013919F8013C302BF9D0731CB6
:108FF800049339E50C9AC2F13602DAE60220B0EEA3
:10900800486BFFF748BBB9F1000F3FF4DAAE0B9A93
:10901800002A7FF7F3ABB2EE044B26EE046B013067
:1090280007EE900A049BB8EEE75BB1EE0C7BA6EE68
:10903800057B17EE90CA51EC170B5E1EACF1507110
:10904800FFF747BB049B013304933123FFF7B1BB00
:10905800049BBB4601330493392337460BF8013B85
:109068004646E1E44FF0000A564653E608927BE490
:10907800731C04938946F7E47FF422AFDA077FF57F
:109088001FAF18E7392BE3D0B9F1000F3FF716AF40
:1090980016E7019B022B3FF728AE0497BAE5014675
:1090A8008DE7019B022B3FF720AEDDF82C9004974B
:1090B8002BE50220FFF7EFBA0B4B0C48002240F2D9
:1090C800AF11FFF7B1F8084B08483A4640F2EF21D4
:1090D800FFF7AAF8064B0093FFF7D2B9029B089353
:1090E800F7E400BFA8020020FC0300208005002050
:1090F8007005002070B5054684B05BB11C4669B1A7
:109108000E4B2846D3F8E0602346B047431C0FD0E7
:1091180004B070BD00F582740029F1D1074A2346D6
:10912800D2F8E06028460A4601A9B047431CEFD1AF
:1091380000228A2322602B6004B070BDD40F002067
:1091480010B582B0049CCDE900344FF0FF3301F034
:109158007BFA02B010BD00BF0EB410B583B005ABEA
:10916800064C53F8042B01930146206800F0C4F81C
:1091780003B0BDE8104003B0704700BF5C15002085
:109188002DE9F04F9368176883B09246002B70D092
:1091980081468A6808680C46083743E0A38913F4B7
:1091A800906F2ED0D4E90416A0EB010806EB460612
:1091B80006EBD67608F1010076102844B042324614
:1091C80084BF064632465B0537D511464846FBF74D
:1091D80017F9019000283AD042462169F9F7F0FCC6
:1091E800A289019B22F4906242F08002A281A6EB40
:1091F800080203EB08006661A260236120602E4626
:10920800A84642465946FBF7F5FFDAF80830A26847
:109218002068921B40445B1BA2602060CAF808309B
:109228003BB3083757E902B5002DFAD0AA421646D3
:109238009046B3D92E46A846E3E74846FBF79CFB81
:1092480003460028D3D121694846FCF737FAA38999
:109258000C2243F04003C9F800204FF0FF30A381EF
:1092680000220023CAF80820CAF8043003B0BDE879
:10927800F08F00200023CAF8043003B0BDE8F08F57
:109288002DE9F84F4B6E9C0490462DD593681268D3
:1092980043B38B46064602F1080959E9025A5FEAC8
:1092A8009A0715D0043D002401E0A7420ED055F8D6
:1092B800041F5A46304601F0E7F8431C04F1010444
:1092C800F3D10023C8E90133BDE8F88FD8F8083096
:1092D8002AF0030AA3EB0A03C8F8083009F10809C1
:1092E800002BDAD10020ECE7FEF7D4FC0023C8E914
:1092F8000133BDE8F88F00BF2DE9F04F2DED028B4B
:10930800C5B00DF1500A834608EE101A1646002122
:10931800082250461C460793FBF7E8FFBBF1000FF5
:1093280004D0DBF83430002B00F0A08618EE102AA9
:10933800536EDB0740F11385B2F90C108AB295041D
:109348000BD418EE103A41F4005199815B6E8AB241
:1093580018EE101A23F400534B66100740F10581EC
:1093680018EE103A1B69002B00F0FF8002F01A0378
:109378000A2B00F00A810023CDE91933CDE90D331A
:109388001BAA0C93189291460B930593B04644463A
:10939800A84BD3F8E450FCF72DF82246034612A94F
:1093A800CDF800A05846A847002800F04581C0F233
:1093B8003981129A252A034601D01C44E8E7B4EB08
:1093C8000806054640F03C81002361788DF843305B
:1093D80004F1010806934FF0FF371E462B2408F1CD
:1093E8000108A1F120035A2B00F27881DFE813F07D
:1093F800B50276017601B0027601760176016A003F
:10940800760176017D028D02760188029702760147
:1094180092025B005B005B005B005B005B005B0033
:109428005B005B00760176017601760176017601B4
:109438007601760176015C02840076017601760178
:109448007601760176017601760176017601E800EB
:1094580076017601760133027601DA027601760129
:109468008B05760176017601760176017601760123
:109478007601760176015C02860076017601760136
:10948800CD0286007F007601C0027601FD02EA0067
:10949800ED027F00760133027C00690576017601D2
:1094A8006B0576017C00A1F13003002218F8011B3E
:1094B80002EB820203EB4202A1F13003092BF5D93A
:1094C80006928EE75846FEF71DFE43680D93184630
:1094D800FCF736F80E9005465846FEF713FE8368EB
:1094E8000B93002D40F0D68498F8001077E798F891
:1094F800001046F0200672E746F01006B40640F168
:109508008E81079B073323F007031A46596852F8E0
:10951800083B07920A460029C0F27084791C00F0C3
:10952800A28526F08001039153EA020100F03F84EE
:109538000A2B72F1000180F0418530338DF80F312C
:10954800039E012304930DF20F14049BBB42B8BF82
:109558003B460393002308939DF84330002B00F00B
:10956800CB80039B01330393C6E018EE101A5846CC
:1095780018EE105AFEF760FD002840F05286AA89BE
:1095880002F01A030A2B7FF4F6AE18EE101AB1F99E
:109598000E30002BFFF6EFAE4B6EDB0702D49705BB
:1095A80040F1128618EE101A23463246584600F04B
:1095B80069FE0590059845B0BDEC028BBDE8F08FBB
:1095C80046F0100616F0200200F03681079B07339C
:1095D80023F0070319465A6851F8083B079126F407
:1095E80080610391002100208DF84300781C00F071
:1095F8001082039820F0800653EA020040F00882A7
:10960800002F40F03885002940F0D583039B13F0E4
:109618000103049300F0118430238DF80F310DF20B
:109628000F1492E7082200215046FBF75FFE012342
:109638001C44ADE6D40F0020B4EB080605461BD049
:10964800199B1A9A01333244072BC9E900861A92EA
:1096580019931CDD002A00F0A68318EE101A18AA28
:109668005846FFF70DFE20BB0DF16C09059B3344EE
:109678000593002D7FF4A8AE1A9B002B40F0C185FE
:1096880018EE103A0022B3F90C30199215E009F1DE
:109698000809EBE718EE101A18AA5846FFF7F0FD6C
:1096A800002800F0A680089B1BB108995846FCF7D3
:1096B80005F818EE103AB3F90C3018EE102A526E6D
:1096C80012F0010F9AB200F0A080500600F1B285A6
:1096D800059845B0BDEC028BBDE8F08F0029CBD0D2
:1096E80000238DF843300123CDE903338DF8AC1006
:1096F8002BAC002308931F4616F00203099302D0EF
:10970800039B0233039316F084030A9305D1069B47
:10971800039A9D1A002D00F37B82DDE91903411C91
:109728009DF8432082B101220133C9F8042007299A
:109738000DF14302CDE91913C9F8002000F34A825C
:10974800084609F108090131099AE2B111AA023360
:10975800C9F8002007294FF00202CDE91913C9F80A
:10976800042040F35082002B00F0438318EE101AB7
:1097780018AA5846FFF784FD002894D1DDE919039B
:109788000DF16C09411C0A9A802A00F08481049A20
:10979800BD1A002D00F3D781049AC9F8004013447C
:1097A8000729CDE91913C9F8042040F36E81002B6D
:1097B80000F0758218EE101A18AA5846FFF760FDD7
:1097C80000287FF470AF1A9B0DF16C09750705D559
:1097D800069A0399541A002C00F36B82DDE90521DF
:1097E80003988142ACBF521812180592002B7FF4DF
:1097F80051AF089900231993002900F04981584670
:10980800FBF75CFF0DF16C09C1E59C053FF55DAF09
:1098180018EE104AA06DFBF789FEA28955E7F006FD
:10982800079A00F11F83710640F1198332F9043B4E
:109838000792DA1711466EE616F01003079940F002
:10984800098316F0400000F001831A4651F8043BE2
:1098580007919BB2C3E6079B1A4600238DF8433055
:10986800134653F8044B0393002C00F01284532939
:1098780000F0658316F0100540F061837B1C00F052
:10988800B3843A4629462046FEF742FC0890002851
:1098980000F09F84031B039A049323EAE3732F4683
:1098A80007920393089557E6432902D0F50640F13D
:1098B8002D83079D0822002116A82BACFBF716FD67
:1098C80016AB55F8042B21465846FFF713FC034600
:1098D8000133049000F0B384049B079523EAE373F3
:1098E800039300238DF8433003E7079B53F8042BB9
:1098F8000692002A80F29C82069A5242CDE90623FB
:1099080098F8001046F0040669E598F800108DF8FC
:10991800434064E598F8001046F080065FE542464B
:1099280012F8011B2A2900F09684A1F13003092BB3
:1099380090464FF000073FF654AD18F8011B07EBAF
:10994800870703EB4707A1F13003092BF5D948E551
:1099580098F8001046F0010641E59DF84330002BC9
:109968007FF4C2AD202398F800108DF8433036E517
:1099780098F800106C2903BF98F8011046F02006EB
:1099880008F1010846F0100629E598F80010682942
:1099980003BF98F8011046F4007608F1010846F074
:1099A80040061CE546F010030393039B13F02002C6
:1099B80000F00682079B073323F0070319465A680D
:1099C80051F8083B079101210DE6079A46F002037A
:1099D800039352F8043B079247F63002ADF844204F
:1099E800B84A0C9202210022FDE5B70600F1488230
:1099F800F50600F14683740600F1D583B00540F101
:109A08004083079B059953F8042B07931170BEE414
:109A1800039601293FF48CAD022944AC11D10C986E
:109A280003F00F011B09415C04F8011D43EA0273AE
:109A3800120953EA0201F3D1039E44AB1B1B0493A2
:109A480083E503F00701DB0843EA4273D2083031AB
:109A580053EA0205204604F8011DF2D1039EF307DC
:109A6800EBD53029E8D03023023804F8013C44AB68
:109A78001B1A039E0493044667E5049B1B9401226A
:109A88001C931A9319920DF16C0909F108099DE6C6
:109A98000DF16C097BE4069A039D551B002D7FF799
:109AA80076AE102D40F3BB83099418EE104A07E0F8
:109AB80000F1020C09F108091046103D102D1EDDB9
:109AC8008149C9F80010421C10331021072ACDE93A
:109AD8001923C9F80410EBDD18AA002B74D021460D
:109AE80058460DF16C09FFF7CBFB00287FF4DBAD7E
:109AF800DDE91903103D102D00F1010CE0DC099C93
:109B0800714AC9F804502B44BCF1070FCDE919C3B9
:109B1800C9F8002040F39481002B00F01F8318EE51
:109B2800101A18AA5846FFF7ABFB00287FF4BBAD04
:109B3800049ADDE91903BD1A002D00F101010DF1A8
:109B48006C097FF729AE102D29DD0994102718EE2E
:109B5800104A07E000F1020C09F108091046103D0F
:109B6800102D1ADD421C58491033072AC9E900177D
:109B7800CDE91923EEDD18AA03B3214658460DF1A5
:109B88006C09FFF77DFB00287FF48DADDDE9190333
:109B9800103D102D00F1010CE4DC099C61464A4A95
:109BA800C9F804502B440729CDE91913C9F8002036
:109BB80000F3E78009F108090131EDE54FF0010CE8
:109BC80018460DF16C09CAE74FF0010C18460DF163
:109BD8006C0972E7002B00F0048118EE101A18AA1D
:109BE8005846FFF74DFB00287FF45DADDDE919030A
:109BF8000DF16C09411CA7E5022311AA1C931B92C5
:109C080001210DF16C09084609F10809411CBAE562
:109C1800102D40F3E582DDE919130F94084618EE7C
:109C2800104A07E000F1020C09F108091046103D3E
:109C3800102D1DDD2549C9F80010421C10331021D4
:109C4800072ACDE91923C9F80410EBDD18AA03B3D4
:109C5800214658460DF16C09FFF712FB00287FF4E6
:109C680022ADDDE91903103D102D00F1010CE1DCF6
:109C78000F9C6046154AC9F804502B440728CDE9C3
:109C88001903C9F8002000F3C18009F10809411C33
:109C980046E518464FF0010C0DF16C09C7E7760749
:109CA800199353D5069A0399541A002C4EDD0DF1D9
:109CB8006C09102C40F3B082199918EE106A10251F
:109CC8000DE000BFEC050020C40A0020300600208B
:109CD800881C09F108091146103C102C1ADD4A1C91
:109CE800B3481033072AC9E90005CDE91923EFDD88
:109CF80018AA33B331465846FFF7C2FA00287FF452
:109D0800D2ACDDE91913103C102C01F101000DF162
:109D18006C09E4DCA64AC9F8044023440728CDE9C5
:109D28001903C9F800207FF759AD7BB118EE101A56
:109D380018AA5846FFF7A4FA00287FF4B4AC1A9B77
:109D48004CE5012019460DF16C09C5E7DDE905323E
:109D580003998A42ACBF9B185B18059349E5B2F991
:109D68000C108F0518EE103A8AB23FF5E8AA18EEE3
:109D7800105A986DFBF7D8FBB5F90C108AB2FFF7AB
:109D8800DEBA002B3FF479AE18EE101A18AA58461E
:109D9800FFF776FA00287FF486AC19991A9B0131EF
:109DA8000DF16C09F8E419920DF16C095EE4002FCD
:109DB8007FF4C3AB039E0027049744ACFFF7C5BBF1
:109DC800039B13F0100354D1039A12F0400000F0E3
:109DD8006B8107991A4651F8043B07919BB2012100
:109DE80001E4099A002A64D1184601210DF16C0991
:109DF800C9E4012118460DF16C09C4E45B4262EB29
:109E0800420203962D200121FFF7EEBB002B00F044
:109E1800888018EE101A18AA5846FFF731FA002859
:109E28007FF441ACDDE919030DF16C09411C77E4BD
:109E380098F800100793FFF7D2BA44ACFFF785BB38
:109E480009F108090CF101016046A0E416F400725A
:109E580040F0978151F8043B0791FFF7C0BBB30569
:109E680000F1888152F8043B0792DA171146FFF790
:109E780052BB079951F8043B07910121FFF7B3BB87
:109E8800079B059853F8041B0793C217C1E9000202
:109E9800FFF77DBA0B9B002B3FF426AB0B9B1B787F
:109EA800002B3FF421AB98F8001046F48066FFF7CA
:109EB80096BA022311AA1C931B9201200DF16C097A
:109EC800A2E6039671E53B4B0C9316F0200259D09D
:109ED800079B073323F0070318465A6850F8083BD6
:109EE8000790F40709D553EA020006D08DF845100B
:109EF800302146F002068DF8441026F48061039163
:109F08000221FFF770BB2C4B0C93DEE7079B012166
:109F180053F8042B03918DF8AC20079304912BACD4
:109F2800DFE49DF84320002A40F03281099A002A94
:109F38007FF462AE184601210DF16C0927E4002177
:109F4800082216A81394FBF7D1F9791C00F0BC80FD
:109F5800002507942C460CE02BA95846FFF7CAF8B1
:109F6800421C204400F06B81B84208DC00F070818C
:109F78000446139A525916AB0435002AECD10494BE
:109F8800079CAFE016F0100307980CD116F04004B8
:109F980005D01A4650F8043B07909BB2A1E716F487
:109FA800007240F0E18050F8043B079099E700BF49
:109FB80030060020EC0500200006002003990497D5
:109FC80044AC9E4608EE90BA01F480664FF0000C4F
:109FD800234606E0BEF10A0F72F1000239D3A64605
:109FE8002A46A6491EEB020040F100000F46A1FBDD
:109FF800001424F0030101EB9401401ABEEB0001A8
:10A008004FF0CC3562F1000405FB01F507FB045560
:10A01800A1FB07410D44052704F00101A1FB071B23
:10A0280009186408303103F8011C44EAC5740CF1BE
:10A03800010C013B6D08002ECCD00B9909786145C5
:10A04800C8D1BCF1FF0FC5D0BEF10A0F72F10002F2
:10A058006CD21C4644AB1B1B049F039E049318EE52
:10A0680090BAFFF772BA0396FFF762BA5846FAF742
:10A07800C7FFFFF75BB9012903967FF4CDACFFF763
:10A088005CBA079B059953F8042B11600793FFF7F7
:10A098007EB9062F3B46039A794C079228BF0623C0
:10A0A80004930393FFF725BB039B079913F40072EE
:10A0B80014BF51F8043B51F8043B07911CBF0246FA
:10A0C800DBB20121FFF78FBA16AB009300231946C4
:10A0D80013AA5846FFF734F803460133049000F0FA
:10A0E800AE801394049B002B30D0632B63DC0023D9
:10A0F80008932BAC0822002116A8FBF7F7F8049D5B
:10A1080016AB009313AA2B4621465846FFF718F8BA
:10A11800854240F0AB80039B049A07930023A35425
:10A128001F4622EAE2730393FFF716BA0E9A0D99B7
:10A138009B1A18460893FBF72BF90B99089B4A784A
:10A148000AB101310B914FF0000C48E7039B0793CC
:10A15800049B03931F460893FFF7FEB90121184695
:10A168000DF16C09FFF713BB50F8043B079022462A
:10A17800DBB2B6E612F9043B0792DA171146FFF78D
:10A18800CAB951F8043B07910246DBB2FFF727BA78
:10A1980001231C9301210DF143031B930DF16C095D
:10A1A8000B46FFF7CDBA079B059953F8042B079385
:10A1B8001180FFF7ECB8591C5846FAF721F9044604
:10A1C80000283CD0089095E7886DFBF7AFF9FFF7BA
:10A1D800E9B9039B0793CDE90377089FFFF7BCB95B
:10A1E80019981A9B013045E5039B07932046FBF716
:10A1F800A7F920EAE0732F46049003930895FFF728
:10A20800ABB918EE101A18AA5846FFF739F8002803
:10A218003FF436AAFFF74DBA199801307AE58C4613
:10A228006EE46B6ED90705D4AB899A0502D4A86D84
:10A23800FBF77CF94FF0FF330593FFF749BA18EEA7
:10A24800102AB2F90C3043F040039381FFF735BA76
:10A25800079C049746E7079B98F8011053F8047B7E
:10A268000793904647EAE777FFF7B9B818EE102A40
:10A27800938943F040039381FFF715BACDCCCCCC3A
:10A288001406002070B50C468989ADF58E6D21F055
:10A298000201ADF81410616E1B91E189ADF816103A
:10A2A800E1690991616A0B911CA9029106914FF429
:10A2B800806106460491079118A80021CDE9003273
:10A2C8000891FBF72DF9DDE9003202A93046FFF7C6
:10A2D80013F8051E07DB02A93046FAF7D1FD00285E
:10A2E80018BF4FF0FF35BDF814305B0603D5A389BE
:10A2F80043F04003A3811898FBF714F928460DF59D
:10A308008E6D70BD2DE9F0418B890C46990796B08A
:10A3180008D504F143030122C4E90432236016B0CE
:10A32800BDE8F081B4F90E100029064625DB6A461F
:10A3380000F0DEF800281FDB019D05F47045A5F547
:10A348000055B5FA85F54FF480686D094FF400673C
:10A3580041463046FAF754F8E0B1B4F90C30C4F885
:10A36800148043F0800320602061A38135BB3B4308
:10A37800A38116B0BDE8F081A38913F0800519D038
:10A388004FF040080025414630462F46FAF738F886
:10A398000028E2D1B4F90C309A05C0D423F00303A5
:10A3A80004F1430243F002030121C4E90421A3811B
:10A3B8002260B4E74FF480682F46C9E7B4F90E105D
:10A3C800304600F0ABF810B9B4F90C30CFE7A389E8
:10A3D80023F0030343F001031BB2C8E72DE9F0475C
:10A3E80082B0824688461446FBF704F8012803D158
:10A3F80008F1FF33FE2B36D90DF10409424604F16A
:10A408005C0349465046FEF775FE421C064632D0AC
:10A4180020B39DF804C0002509E023685A1C226077
:10A4280083F800C00135B54218D219F801CFA368E6
:10A43800013B002BA360F0DAA769BB4261462246C4
:10A44800504602DBBCF10A0FE7D1FDF79DFD431C26
:10A45800E8D10646304602B0BDE8F08746463046A9
:10A4680002B0BDE8F0875FFA88FC8DF804C00646A4
:10A478000DF10409CFE7A389304643F04003A381D7
:10A4880002B0BDE8F08700BF30B5536E13F0010F7E
:10A49800B2F90C30144683B005469AB201D198053A
:10A4A8001CD5900406D4626E43F4005342F4005263
:10A4B800A381626622462846FFF790FF636EDA079B
:10A4C800054602D4A3899B0502D5284603B030BDB2
:10A4D800A06DFBF72BF8284603B030BDA06D0191A5
:10A4E800FBF722F8B4F90C3001999AB2D9E700BF0A
:10A4F80070B50C46084D03460026204611461C46FA
:10A508002E60F8F70FFD431C00D070BD2B68002BA0
:10A51800FBD0236070BD00BF241F002038B5074D55
:10A528000022044608462A60F8F702FD431C00D0C2
:10A5380038BD2B68002BFBD0236038BD241F0020BA
:10A548002DE9F04F8BB0DDE9158A149F0391814600
:10A5580005921E46B8F1000F5CD0039B002B5ED01D
:10A56800059B1D68002F6AD0741E4EB3039B04938D
:10A57800043D002601950BE0039B2BBB019B1A6849
:10A58800002A3AD0BC455CD2013C631C664617D011
:10A59800D8F800300293019BDAF8E05053F8042F02
:10A5A800019307A943464846D8F804B0A847421C77
:10A5B8003AD000EB060CBC45DED9029BC8E9003B4B
:10A5C80030460BB0BDE8F08F00280EDD049B019DDE
:10A5D80018445A1E07A900F1FF3E11F8013B02F882
:10A5E800013F7245F9D101950490059B1A68043220
:10A5F8001A60019B1A68002AC4D1039B0BB1059B02
:10A608001A600CF1FF3600223046C8F800200BB063
:10A61800BDE8F08F039B00F58678002BA0D1059B41
:10A628004FF0FF371D689FE706468A210022304613
:10A63800C9F80010C8F800200BB0BDE8F08F3E46FE
:10A64800BEE76646BCE700BF10B584B0054C069867
:10A65800009007980190044800680294FFF770FF83
:10A6680004B010BDD40F00205C15002000000000CD
:10A678005FF800F0891700605FF800F0091F0060BC
:10A688005FF800F0B11F006000000000000000004B
:04A69800F8B500BF52
:10A69C0000000000000000000000000000000000AE
:10A6AC00000000000000000000000000000000009E
:10A6BC00000000000000000000000000000000008E
:10A6CC00000000000000000000000000000000007E
:10A6DC00000000000000000000000000000000006E
:10A6EC00000000000000000000000000000000005E
:10A6FC00000000000000000000000000000000004E
:10A70C00000000000000000000000000000000003D
:10A71C00000000000000000000000000000000002D
:10A72C00000000000000000000000000000000001D
:10A73C00000000000000000000000000000000000D
:10A74C0000000000000000000000000000000000FD
:10A75C0000000000000000000000000000000000ED
:10A76C0000000000000000000000000000000000DD
:10A77C0000000000000000000000000000000000CD
:10A78C0000000000000000000000000000000000BD
:10A79C0000000000000000000000000000000000AD
:10A7AC00000000000000000000000000000000009D
:10A7BC00000000000000000000000000000000008D
:10A7CC00000000000000000000000000000000007D
:10A7DC00000000000000000000000000000000006D
:10A7EC00000000000000000000000000000000005D
:10A7FC00000000000000000000000000000000004D
:10A80C00000000000000000000000000000000003C
:10A81C00000000000000000000000000000000002C
:10A82C00000000000000000000000000000000001C
:10A83C00000000000000000000000000000000000C
:10A84C0000000000000000000000000000000000FC
:10A85C0000000000000000000000000000000000EC
:10A86C0000000000000000000000000000000000DC
:10A87C0000000000000000000000000000000000CC
:10A88C0000000000000000000000000000000000BC
:10A89C0000000000000000000000000000000000AC
:10A8AC00000000000000000000000000000000009C
:10A8BC00000000000000000000000000000000008C
:10A8CC00000000000000000000000000000000007C
:10A8DC00000000000000000000000000000000006C
:10A8EC00000000000000000000000000000000005C
:10A8FC00000000000000000000000000000000004C
:10A90C00000000000000000000000000000000003B
:10A91C000080E03779C34143176E05B5B5B893464F
:10A92C00F5F93FE9034F384D321D30F94877825A1B
:10A93C003CBF737FDD4F1575000000000000F03F39
:10A94C0000000000000024400000000000005940FE
:10A95C000000000000408F40000000000088C34051
:10A96C0000000000006AF8400000000080842E41C6
:10A97C0000000000D01263410000000084D7974112
:10A98C000000000065CDCD41000000205FA0024218
:10A99C00000000E876483742000000A2941A6D428D
:10A9AC00000040E59C30A2420000901EC4BCD64280
:10A9BC0000003426F56B0C430080E03779C341432B
:10A9CC0000A0D8855734764300C84E676DC1AB43A1
:10A9DC00003D9160E458E143408CB5781DAF1544BF
:10A9EC0050EFE2D6E41A4B4492D54D06CFF080449A
:10A9FC00F64AE1C7022DB544B49DD9794378EA44AF
:10AA0C0000000000000000006D00000001170000B5
:10AA1C00FD160000F9160000F51600004D050000AB
:10AA2C0051050000F11600000000000000000000BD
:10AA3C00C1030000ED03000069000000BD0300002D
:10AA4C007903000085030000A50300002C20667527
:10AA5C006E6374696F6E3A20000000006173736559
:10AA6C007274696F6E2022257322206661696C6591
:10AA7C00643A2066696C6520222573222C206C694F
:10AA8C006E65202564257325730A000042616C6C89
:10AA9C006F63207375636365656465640000000013
:10AAAC002F646174612F6A656E6B696E732F776F9B
:10AABC00726B73706163652F474E552D746F6F6C9D
:10AACC00636861696E2F61726D2D31312F73726302
:10AADC002F6E65776C69622D63796777696E2F6E5F
:10AAEC0065776C69622F6C6962632F7374646C692F
:10AAFC00622F6D707265632E6300000000202020B1
:10AB0C002020202020202828282828202020202011
:10AB1C0020202020202020202020202020881010E1
:10AB2C00101010101010101010101010100404043D
:10AB3C0004040404040404101010101010104141FB
:10AB4C0041414141010101010101010101010101E9
:10AB5C0001010101010101011010101010104242FD
:10AB6C0042424242020202020202020202020202B9
:10AB7C000202020202020202101010102000000059
:10AB8C0000000000000000000000000000000000B9
:10AB9C0000000000000000000000000000000000A9
:10ABAC000000000000000000000000000000000099
:10ABBC000000000000000000000000000000000089
:10ABCC000000000000000000000000000000000079
:10ABDC000000000000000000000000000000000069
:10ABEC000000000000000000000000000000000059
:10ABFC000000000000000000000000000000000049
:10AC0C00496E66696E697479000000004E614E00F1
:10AC1C002F646174612F6A656E6B696E732F776F29
:10AC2C00726B73706163652F474E552D746F6F6C2B
:10AC3C00636861696E2F61726D2D31312F73726390
:10AC4C002F6E65776C69622D63796777696E2F6EED
:10AC5C0065776C69622F6C6962632F7374646C69BD
:10AC6C00622F64746F612E6300000000494E460031
:10AC7C00696E66004E414E006E616E0030313233AB
:10AC8C00343536373839616263646566000000001C
:10AC9C003031323334353637383941424344454606
:10ACAC0000000000286E756C6C290000300000005C
:10ACBC002020202020202020202020202020202088
:10ACCC002020202020202020202020202020202078
:10ACDC0000000042C8801F40B8821F4008000000DE
:10ACEC0000000042C4801F40B4821F4004000000DA
:10ACFC0000C0004224801F4014821F40100000003E
:10AD0C0000C0004228801F4018821F402000000015
:10AD1C0000C000422C801F401C821F4040000000DD
:10AD2C0000C0004234801F4024821F4000010000FC
:10AD3C000040004264811F4054831F400004000007
:10AD4C000040004280811F4070831F4000000200C1
:10AD5C00004000427C811F406C831F4000000100BA
:10AD6C000040004268811F4058831F4000080000CB
:10AD7C00004000423C811F402C831F40010000001A
:10AD8C000040004244811F4034831F4004000000F7
:10AD9C000040004240811F4030831F4002000000F1
:10ADAC000040004248811F4038831F4008000000CB
:10ADBC000000004204811F40F4821F400000040088
:10ADCC000000004208811F40F8821F40000008006C
:10ADDC000000004218811F4008831F4000008000C3
:10ADEC000000004214811F4004831F4000004000FB
:10ADFC000000004200811F40F0821F400000020052
:10AE0C0000000042FC801F40EC821F40000001004B
:10AE1C000000004224811F4014831F4000000004E6
:10AE2C000000004228811F4018831F4000000008CA
:10AE3C00000000421C811F400C831F4000000001D9
:10AE4C000000004220811F4010831F4000000002C0
:10AE5C0000000042EC801F40DC821F40001000000C
:10AE6C0000000042F0801F40E0821F4000200000E4
:10AE7C000000004234811F4024831F40000000402A
:10AE8C000000004238811F4028831F4000000080D2
:10AE9C000080004294801F4084821F400000040008
:10AEAC0000C0004290801F4080821F400000008044
:10AEBC0000800042A8801F4098821F400000800044
:10AECC0000800042A4801F4094821F40000040007C
:10AEDC00004000426C811F405C831F40001000004A
:10AEEC0000C0004230801F4020821F4080000000C4
:10AEFC0000400042B0811F40A0831F400000002092
:10AF0C0000400042AC811F409C831F400000001099
:10AF1C000040004284811F4074831F4000000400E5
:10AF2C000040004288811F4078831F4000000800C9
:10AF3C00000000422C811F401C831F4000000010A9
:10AF4C000000004230811F4020831F400000002081
:10AF5C00000000420C811F40FC821F4000001000CA
:10AF6C000000004210811F4000831F4000002000A1
:10AF7C0000800042C8811F40B8831F400080000041
:10AF8C0000800042C4811F40B4831F400040000079
:10AF9C0000800042C0811F40B0831F400020000091
:10AFAC0000800042BC811F40AC831F400010000099
:10AFBC0000800042D0811F40C0831F40000002006F
:10AFCC0000800042CC811F40BC831F400000010068
:10AFDC0000C0004274801F4064821F4000000001CA
:10AFEC0000C0004280801F4070821F40000000089B
:10AFFC0000C0004284801F4074821F40000000107B
:10B00C0000C000426C801F405C821F40000040006A
:10B01C0000C000427C801F406C821F400000000476
:10B02C0000C0004278801F4068821F400000000270
:10B03C0000C0004288801F4078821F400000002022
:10B04C000A417A696D75746820617420746865743E
:10B05C0061203D2025660A00050000001900000053
:10B06C007D0000004D6F746F72732072656164799E
:10B07C0020746F20746573742E0000004C435F4382
:10B08C004F4C4C41544500004C435F435459504580
:10B09C00000000004C435F4D4F4E45544152590047
:10B0AC004C435F4E554D4552494300004C435F5451
:10B0BC00494D45004C435F4D455353414745530063
:10B0CC0000010000601500201200000000060000C6
:10B0DC00FC2100600A0000000002000098210060C2
:10B0EC0062000000000700003421006062000000D4
:10B0FC00EE0300009C15002012000000000004EE7E
:10B10C0074150020280000000003000030210060AE
:10B11C000000000001030904182100600000000079
:10B12C00020309040021006000000000030309046D
:10B13C00B01500200000000000000000000000001E
:10B14C0000000000303030303030303030303030B3
:10B15C0030303030303030303030303030303030E3
:10B16C00303030300000000000000000D81D0020FE
:10B17C00401E0020A81E002000000000000000005F
:10B18C0000000000000000000000000000000000B3
:10B19C0000000000000000000000000000000000A3
:10B1AC000000000000000000000000000000000093
:10B1BC000000000000000000000000000000000083
:10B1CC000000000000000000000000000000000073
:10B1DC000000000000000000000000000000000063
:10B1EC000000000000000000000000000000000053
:10B1FC000000000000000000000000000000000043
:10B20C0001000000000000000E33CDAB34126DE6DF
:10B21C00ECDE05000B000000000000000000000048
:10B22C000000000000000000000000000000000012
:10B23C000000000000000000000000000000000002
:10B24C0000000000000000000000000000000000F2
:10B25C0000000000000000000000000000000000E2
:10B26C0000000000000000000000000000000000D2
:10B27C0000000000000000000000000000000000C2
:10B28C0000000000000000000029DE07007B9A1778
:10B29C007803002000000000E8030000000000001C
:10B2AC00A003002000000000E803000000000000E4
:10B2BC0000003F40B02000600000000000000000D3
:10B2CC000000000000000000000000000000000072
:10B2DC000000000000000000000000000000000062
:10B2EC000000000000000000000000000000000052
:10B2FC000000000000000000000000000000000042
:10B30C000000000000000000000000000000000031
:10B31C000000000000000000000000000000000021
:10B32C000000000000000000000000000000000011
:10B33C000000000000000000000000000000000001
:10B34C0000000000000000000000000000000000F1
:10B35C0000000000000000000000000000000000E1
:10B36C0000000000000000000000000000000000D1
:10B37C0000000000000000000000000000000000C1
:10B38C0000000000000000000000000000000000B1
:10B39C0000000000000000000000000000000000A1
:10B3AC000000000000000000000000000000000091
:10B3BC000000000000000000000000000000000081
:10B3CC000000000000000000000000000000000071
:10B3DC000000000000000000000000000000000061
:10B3EC00A003002000000000E803000000000000A3
:10B3FC0000803F4060200060000000000000000062
:10B40C000000000000000000000000000000000030
:10B41C000000000000000000000000000000000020
:10B42C000000000000000000000000000000000010
:10B43C000000000000000000000000000000000000
:10B44C0000000000000000000000000000000000F0
:10B45C0000000000000000000000000000000000E0
:10B46C0000000000000000000000000000000000D0
:10B47C0000000000000000000000000000000000C0
:10B48C0000000000000000000000000000000000B0
:10B49C0000000000000000000000000000000000A0
:10B4AC000000000000000000000000000000000090
:10B4BC000000000000000000000000000000000080
:10B4CC000000000000000000000000000000000070
:10B4DC000000000000000000000000000000000060
:10B4EC000000000000000000000000000000000050
:10B4FC000000000000000000000000000000000040
:10B50C00000000000000000000000000000000002F
:10B51C00000000000000000000000000000000001F
:10B52C00A003002000000000E80300000000000061
:10B53C0000C03F4010200060000000000000000030
:10B54C0000000000000000000000000000000000EF
:10B55C0000000000000000000000000000000000DF
:10B56C0000000000000000000000000000000000CF
:10B57C0000000000000000000000000000000000BF
:10B58C0000000000000000000000000000000000AF
:10B59C00000000000000000000000000000000009F
:10B5AC00000000000000000000000000000000008F
:10B5BC00000000000000000000000000000000007F
:10B5CC00000000000000000000000000000000006F
:10B5DC00000000000000000000000000000000005F
:10B5EC00000000000000000000000000000000004F
:10B5FC00000000000000000000000000000000003F
:10B60C00000000000000000000000000000000002E
:10B61C00000000000000000000000000000000001E
:10B62C00000000000000000000000000000000000E
:10B63C0000000000000000000000000000000000FE
:10B64C0000000000000000000000000000000000EE
:10B65C0000000000000000000000000000000000DE
:10B66C00803020204300000000000000000000009B
:10B67C0000000000000000000000000000000000BE
:10B68C00000000004300000000000000000000006B
:10B69C00000000000000000000000000000000009E
:10B6AC00000000004300000000000000000000004B
:10B6BC00000000000000000000000000000000007E
:10B6CC00000000004300000000000000000000002B
:10B6DC00000000000000000000000000000000005E
:10B6EC00000000004300000000000000000000000B
:10B6FC00000000000000000000000000000000003E
:10B70C0000000000430000000000000000000000EA
:10B71C00000000000000000000000000000000001D
:10B72C0000000000430000000000000000000000CA
:10B73C0000000000000000000000000000000000FD
:10B74C00000000006D3E0000C93600000000000043
:10B75C006C040020E8090020C8030020C803002066
:10B76C00C8030020C8030020C8030020C803002021
:10B77C00C8030020C8030020C8030020FFFFFFFF00
:10B78C00FFFFFFFFFFFFFFFFFFFF00000100415322
:10B79C0043494900000000000000000000000000C8
:10B7AC0000000000000000000000000000004153F9
:10B7BC0043494900000000000000000000000000A8
:10B7CC00000000000000000000000000000000006D
:10B7DC00000000000000000040110020401100207B
:10B7EC004811002048110020501100205011002059
:10B7FC005811002058110020601100206011002009
:10B80C0068110020681100207011002070110020B8
:10B81C007811002078110020801100208011002068
:10B82C008811002088110020901100209011002018
:10B83C009811002098110020A0110020A0110020C8
:10B84C00A8110020A8110020B0110020B011002078
:10B85C00B8110020B8110020C0110020C011002028
:10B86C00C8110020C8110020D0110020D0110020D8
:10B87C00D8110020D8110020E0110020E011002088
:10B88C00E8110020E8110020F0110020F011002038
:10B89C00F8110020F81100200012002000120020E6
:10B8AC000812002008120020101200201012002094
:10B8BC001812002018120020201200202012002044
:10B8CC0028120020281200203012002030120020F4
:10B8DC0038120020381200204012002040120020A4
:10B8EC004812002048120020501200205012002054
:10B8FC005812002058120020601200206012002004
:10B90C0068120020681200207012002070120020B3
:10B91C007812002078120020801200208012002063
:10B92C008812002088120020901200209012002013
:10B93C009812002098120020A0120020A0120020C3
:10B94C00A8120020A8120020B0120020B012002073
:10B95C00B8120020B8120020C0120020C012002023
:10B96C00C8120020C8120020D0120020D0120020D3
:10B97C00D8120020D8120020E0120020E012002083
:10B98C00E8120020E8120020F0120020F012002033
:10B99C00F8120020F81200200013002000130020E1
:10B9AC00081300200813002010130020101300208F
:10B9BC00181300201813002020130020201300203F
:10B9CC0028130020281300203013002030130020EF
:10B9DC00381300203813002040130020401300209F
:10B9EC00481300204813002050130020501300204F
:10B9FC0058130020581300206013002060130020FF
:10BA0C0068130020681300207013002070130020AE
:10BA1C00781300207813002080130020801300205E
:10BA2C00881300208813002090130020901300200E
:10BA3C009813002098130020A0130020A0130020BE
:10BA4C00A8130020A8130020B0130020B01300206E
:10BA5C00B8130020B8130020C0130020C01300201E
:10BA6C00C8130020C8130020D0130020D0130020CE
:10BA7C00D8130020D8130020E0130020E01300207E
:10BA8C00E8130020E8130020F0130020F01300202E
:10BA9C00F8130020F81300200014002000140020DC
:10BAAC00081400200814002010140020101400208A
:10BABC00181400201814002020140020201400203A
:10BACC0028140020281400203014002030140020EA
:10BADC00381400203814002040140020401400209A
:10BAEC00481400204814002050140020501400204A
:10BAFC0058140020581400206014002060140020FA
:10BB0C0068140020681400207014002070140020A9
:10BB1C007814002078140020801400208014002059
:10BB2C008814002088140020901400209014002009
:10BB3C009814002098140020A0140020A0140020B9
:10BB4C00A8140020A8140020B0140020B014002069
:10BB5C00B8140020B8140020C0140020C014002019
:10BB6C00C8140020C8140020D0140020D0140020C9
:10BB7C00D8140020D8140020E0140020E014002079
:10BB8C00E8140020E8140020F0140020F014002029
:10BB9C00F8140020F81400200015002000150020D7
:10BBAC000815002008150020101500201015002085
:10BBBC001815002018150020201500202015002035
:10BBCC0028150020281500203015002030150020E5
:10BBDC003815002038150020FFFFFFFF0000020081
:10BBEC000000000003000000D81D0020D80A00202F
:10BBFC0012010002EF020140C01683048002010210
:10BC0C0003010000280000000001040001000000F6
:10BC1C0000000000020157494E555342000000003D
:10BC2C0000000000000000000000000012034D00A6
:10BC3C00530046005400310030003000F800000082
:10BC4C000C030000000000000000000000000000D9
:10BC5C0000000000000000000000000000000000D8
:10BC6C0000000000000000000000000000000000C8
:10BC7C0000000000000000000000000000000000B8
:10BC8C0000000000000000000000000000000000A8
:10BC9C000000000000000000000000000000000098
:10BCAC000000000000000000000000000000000088
:10BCBC000000000000000000000000000000000078
:10BCCC000000000000000000000000000000000068
:10BCDC000000000000000000000000000000000058
:10BCEC000000000000000000000000000000000048
:10BCFC000000000000000000000000000000000038
:10BD0C000000000000000000000000000000000027
:10BD1C000000000000000000000000000000000017
:10BD2C000000000000000000000000000000000007
:10BD3C0000000000000000000000000000000000F7
:10BD4C0000000000000000000000000000000000E7
:10BD5C0000000000000000000000000000000000D7
:10BD6C0000000000000000000000000000000000C7
:10BD7C0000000000000000000000000000000000B7
:10BD8C0000000000000000000000000000000000A7
:10BD9C000000000000000000000000000000000097
:10BDAC000000000000000000000000000000000087
:10BDBC000000000000000000000000000000000077
:10BDCC000000000000000000000000000000000067
:10BDDC000000000000000000000000000000000057
:10BDEC000000000000000000000000000000000047
:10BDFC000000000000000000000000000000000037
:10BE0C000000000000000000000000000000000026
:10BE1C000000000000000000000000000000000016
:10BE2C000000000000000000000000000000000006
:10BE3C0000000000000000000000000000000000F6
:10BE4C0000000000000000000000000000000000E6
:10BE5C0000000000000000000000000000000000D6
:10BE6C0000000000000000000000000000000000C6
:10BE7C0000000000000000000000000000000000B6
:10BE8C0000000000000000000000000000000000A6
:10BE9C000000000000000000000000000000000096
:10BEAC000000000000000000000000000000000086
:10BEBC000000000000000000000000000000000076
:10BECC000000000000000000000000000000000066
:10BEDC000000000000000000000000000000000056
:10BEEC000000000000000000000000000000000046
:10BEFC000000000000000000000000000000000036
:10BF0C000000000000000000000000000000000025
:10BF1C000000000000000000000000000000000015
:10BF2C000000000000000000000000000000000005
:10BF3C0000000000000000000000000000000000F5
:10BF4C0000000000000000000000000000000000E5
:10BF5C0000000000000000000000000000000000D5
:10BF6C0000000000000000000000000000000000C5
:10BF7C0000000000000000000000000000000000B5
:10BF8C0000000000000000000000000000000000A5
:10BF9C000000000000000000000000000000000095
:10BFAC000000000000000000000000000000000085
:10BFBC000000000000000000000000000000000075
:10BFCC000000000000000000000000000000000065
:10BFDC000000000000000000000000000000000055
:10BFEC000000000000000000000000000000000045
:10BFFC000000000000000000000000000000000035
:10C00C000000000000000000000000000000000024
:10C01C000000000000000000000000000000000014
:10C02C000000000000000000000000000000000004
:10C03C0000000000000000000000000000000000F4
:10C04C0000000000000000000000000000000000E4
:10C05C0000000000000000000000000000000000D4
:10C06C0000000000000000000000000000000000C4
:10C07C0000000000000000000000000000000000B4
:10C08C0000000000000000000000000000000000A4
:10C09C000000000000000000000000000000000094
:10C0AC000000000000000000000000000000000084
:10C0BC000000000000000000000000000000000074
:10C0CC000000000000000000000000000000000064
:10C0DC000000000000000000000000000000000054
:10C0EC000000000000000000000000000000000044
:10C0FC000000000000000000000000000000000034
:10C10C000000000000000000000000000000000023
:10C11C000000000000000000000000000000000013
:10C12C000000000000000000000000000000000003
:10C13C0000000000000000000000000000000000F3
:10C14C0000000000000000000000000000000000E3
:10C15C00FFFFFFFFFFFFFFFFFFFFFFFFFFFFFFFFE3
:10C16C00FFFFFFFFFFFFFFFFFFFFFFFFFFFFFFFFD3
:10C17C00FFFFFFFFFFFFFFFFFFFFFFFFFFFFFFFFC3
:10C18C00FFFFFFFFFFFFFFFFFFFFFFFFFFFFFFFFB3
:10C19C00FFFFFFFFFFFFFFFFFFFFFFFFFFFFFFFFA3
:10C1AC00FFFFFFFFFFFFFFFFFFFFFFFFFFFFFFFF93
:10C1BC00FFFFFFFFFFFFFFFFFFFFFFFFFFFFFFFF83
:10C1CC00FFFFFFFFFFFFFFFFFFFFFFFFFFFFFFFF73
:10C1DC00FFFFFFFFFFFFFFFFFFFFFFFFFFFFFFFF63
:10C1EC00FFFFFFFFFFFFFFFFFFFFFFFFFFFFFFFF53
:10C1FC00FFFFFFFFFFFFFFFFFFFFFFFFFFFFFFFF43
:10C20C00FFFFFFFFFFFFFFFFFFFFFFFFFFFFFFFF32
:10C21C00FFFFFFFFFFFFFFFFFFFFFFFFFFFFFFFF22
:10C22C00FFFFFFFFFFFFFFFFFFFFFFFFFFFFFFFF12
:10C23C00FFFFFFFFFFFFFFFFFFFFFFFFFFFFFFFF02
:10C24C00FFFFFFFFFFFFFFFFFFFFFFFFFFFFFFFFF2
:10C25C00FFFFFFFFFFFFFFFFFFFFFFFFFFFFFFFFE2
:10C26C00FFFFFFFFFFFFFFFFFFFFFFFFFFFFFFFFD2
:10C27C00FFFFFFFFFFFFFFFFFFFFFFFFFFFFFFFFC2
:10C28C00FFFFFFFFFFFFFFFFFFFFFFFFFFFFFFFFB2
:10C29C00FFFFFFFFFFFFFFFFFFFFFFFFFFFFFFFFA2
:10C2AC00FFFFFFFFFFFFFFFFFFFFFFFFFFFFFFFF92
:10C2BC00FFFFFFFFFFFFFFFFFFFFFFFFFFFFFFFF82
:10C2CC00FFFFFFFFFFFFFFFFFFFFFFFFFFFFFFFF72
:10C2DC00FFFFFFFFFFFFFFFFFFFFFFFFFFFFFFFF62
:10C2EC00FFFFFFFFFFFFFFFFFFFFFFFFFFFFFFFF52
:10C2FC00FFFFFFFFFFFFFFFFFFFFFFFFFFFFFFFF42
:10C30C00FFFFFFFFFFFFFFFFFFFFFFFFFFFFFFFF31
:10C31C00FFFFFFFFFFFFFFFFFFFFFFFFFFFFFFFF21
:10C32C00FFFFFFFFFFFFFFFFFFFFFFFFFFFFFFFF11
:10C33C00FFFFFFFFFFFFFFFFFFFFFFFFFFFFFFFF01
:10C34C00FFFFFFFFFFFFFFFFFFFFFFFFFFFFFFFFF1
:10C35C00FFFFFFFFFFFFFFFFFFFFFFFFFFFFFFFFE1
:10C36C00FFFFFFFFFFFFFFFFFFFFFFFFFFFFFFFFD1
:10C37C00FFFFFFFFFFFFFFFFFFFFFFFFFFFFFFFFC1
:10C38C00FFFFFFFFFFFFFFFFFFFFFFFFFFFFFFFFB1
:10C39C00FFFFFFFFFFFFFFFFFFFFFFFFFFFFFFFFA1
:10C3AC00FFFFFFFFFFFFFFFFFFFFFFFFFFFFFFFF91
:10C3BC00FFFFFFFFFFFFFFFFFFFFFFFFFFFFFFFF81
:10C3CC00FFFFFFFFFFFFFFFFFFFFFFFFFFFFFFFF71
:10C3DC00FFFFFFFFFFFFFFFFFFFFFFFFFFFFFFFF61
:10C3EC00FFFFFFFFFFFFFFFFFFFFFFFFFFFFFFFF51
:10C3FC00FFFFFFFF00000000000000000000000035
:10C40C000000000000000000000000000000000020
:10C41C000000000000000000000000000000000010
:10C42C000000000000000000000000000000000000
:10C43C0000000000000000000000000000000000F0
:10C44C0000000000000000000000000000000000E0
:10C45C0000000000000000000000000000000000D0
:10C46C0000000000000000000000000000000000C0
:10C47C0000000000000000000000000000000000B0
:10C48C0000000000000000000000000000000000A0
:10C49C000000000000000000000000000000000090
:10C4AC000000000000000000000000000000000080
:10C4BC000000000000000000000000000000000070
:10C4CC000000000000000000000000000000000060
:10C4DC000000000000000000000000000000000050
:10C4EC000000000000000000000000000000000040
:10C4FC000000000000000000000000000000000030
:10C50C00000000000000000000000000000000001F
:10C51C00000000000000000000000000000000000F
:10C52C0000000000000000000000000000000000FF
:10C53C0000000000000000000000000000000000EF
:10C54C0000000000000000000000000000000000DF
:10C55C0000000000000000000000000000000000CF
:10C56C0000000000000000000000000000000000BF
:10C57C0000000000000000000000000000000000AF
:10C58C00000000000000000000000000000000009F
:10C59C00000000000000000000000000000000008F
:10C5AC00000000000000000000000000000000007F
:10C5BC00000000000000000000000000000000006F
:10C5CC00000000000000000000000000000000005F
:10C5DC00000000000000000000000000000000004F
:10C5EC00000000000000000000000000000000003F
:10C5FC00000000000000000000000000000000002F
:10C60C00000000000000000000000000000000001E
:10C61C00000000000000000000000000000000000E
:10C62C0000000000000000000000000000000000FE
:10C63C0000000000000000000000000000000000EE
:10C64C0000000000000000000000000000000000DE
:10C65C0000000000000000000000000000000000CE
:10C66C0000000000000000000000000000000000BE
:10C67C0000000000000000000000000000000000AE
:10C68C00000000000000000000000000000000009E
:10C69C00000000000000000000000000000000008E
:10C6AC00000000000000000000000000000000007E
:10C6BC00000000000000000000000000000000006E
:10C6CC00000000000000000000000000000000005E
:10C6DC00000000000000000000000000000000004E
:10C6EC00000000000000000000000000000000003E
:10C6FC00000000000000000000000000000000002E
:10C70C00000000000000000000000000000000001D
:10C71C00000000000000000000000000000000000D
:10C72C0000000000000000000000000000000000FD
:10C73C0000000000000000000000000000000000ED
:10C74C0000000000000000000000000000000000DD
:10C75C0000000000000000000000000000000000CD
:10C76C0000000000000000000000000000000000BD
:10C77C0000000000000000000000000000000000AD
:10C78C00000000000000000000000000000000009D
:10C79C00000000000000000000000000000000008D
:10C7AC00000000000000000000000000000000007D
:10C7BC00000000000000000000000000000000006D
:10C7CC00000000000000000000000000000000005D
:10C7DC00000000000000000000000000000000004D
:10C7EC00000000000000000000000000000000003D
:10C7FC00000000000000000000000000000000002D
:10C80C00000000000000000000000000000000001C
:10C81C00000000000000000000000000000000000C
:10C82C0000000000000000000000000000000000FC
:10C83C0000000000000000000000000000000000EC
:10C84C0000000000000000000000000000000000DC
:10C85C0000000000000000000000000000000000CC
:10C86C0000000000000000000000000000000000BC
:10C87C0000000000000000000000000000000000AC
:10C88C00000000000000000000000000000000009C
:10C89C00000000000000000000000000000000008C
:10C8AC00000000000000000000000000000000007C
:10C8BC00000000000000000000000000000000006C
:10C8CC00000000000000000000000000000000005C
:10C8DC00000000000000000000000000000000004C
:10C8EC00000000000000000000000000000000003C
:10C8FC00000000000000000000000000000000002C
:10C90C00000000000000000000000000000000001B
:10C91C00000000000000000000000000000000000B
:10C92C0000000000000000000000000000000000FB
:10C93C0000000000000000000000000000000000EB
:10C94C0000000000000000000000000000000000DB
:10C95C0000000000000000000000000000000000CB
:10C96C0000000000000000000000000000000000BB
:10C97C0000000000000000000000000000000000AB
:10C98C00000000000000000000000000000000009B
:10C99C00000000000000000000000000000000008B
:10C9AC00000000000000000000000000000000007B
:10C9BC00000000000000000000000000000000006B
:10C9CC00000000000000000000000000000000005B
:10C9DC00000000000000000000000000000000004B
:10C9EC00000000000000000000000000000000003B
:10C9FC00000000000000000000000000000000002B
:10CA0C00000000000000000000000000000000001A
:10CA1C00000000000000000000000000000000000A
:10CA2C0000000000000000000000000000000000FA
:10CA3C0000000000000000000000000000000000EA
:10CA4C0000000000000000000000000000000000DA
:10CA5C0000000000000000000000000000000000CA
:10CA6C0000000000000000000000000000000000BA
:10CA7C0000000000000000000000000000000000AA
:10CA8C00000000000000000000000000000000009A
:10CA9C00000000000000000000000000000000008A
:10CAAC00000000000000000000000000000000007A
:10CABC00000000000000000000000000000000006A
:10CACC00000000000000000000000000000000005A
:10CADC00000000000000000000000000000000004A
:10CAEC00000000000000000000000000000000003A
:10CAFC00000000000000000000000000000000002A
:10CB0C000000000000000000000000000000000019
:10CB1C000000000000000000000000000000000009
:10CB2C0000000000000000000000000000000000F9
:10CB3C0000000000000000000000000000000000E9
:10CB4C0000000000000000000000000000000000D9
:10CB5C0000000000000000000000000000000000C9
:10CB6C0000000000000000000000000000000000B9
:10CB7C0000000000000000000000000000000000A9
:10CB8C000000000000000000000000000000000099
:10CB9C000000000000000000000000000000000089
:10CBAC000000000000000000000000000000000079
:10CBBC000000000000000000000000000000000069
:10CBCC000000000000000000000000000000000059
:10CBDC000000000000000000000000000000000049
:10CBEC000000000000000000000000000000000039
:10CBFC000000000000000000000000000000000029
:10CC0C000000000000000000000000000000000018
:10CC1C000000000000000000000000000000000008
:10CC2C0000000000000000000000000000000000F8
:10CC3C0000000000000000000000000000000000E8
:10CC4C0000000000000000000000000000000000D8
:10CC5C0000000000000000000000000000000000C8
:10CC6C0000000000000000000000000000000000B8
:10CC7C0000000000000000000000000000000000A8
:10CC8C000000000000000000000000000000000098
:10CC9C000000000000000000000000000000000088
:10CCAC000000000000000000000000000000000078
:10CCBC000000000000000000000000000000000068
:10CCCC000000000000000000000000000000000058
:10CCDC000000000000000000000000000000000048
:10CCEC000000000000000000000000000000000038
:10CCFC000000000000000000000000000000000028
:10CD0C000000000000000000000000000000000017
:10CD1C000000000000000000000000000000000007
:10CD2C0000000000000000000000000000000000F7
:10CD3C0000000000000000000000000000000000E7
:10CD4C0000000000000000000000000000000000D7
:10CD5C0000000000000000000000000000000000C7
:10CD6C0000000000000000000000000000000000B7
:10CD7C0000000000000000000000000000000000A7
:10CD8C000000000000000000000000000000000097
:10CD9C000000000000000000000000000000000087
:10CDAC000000000000000000000000000000000077
:10CDBC000000000000000000000000000000000067
:10CDCC000000000000000000000000000000000057
:10CDDC000000000000000000000000000000000047
:10CDEC000000000000000000000000000000000037
:10CDFC000000000000000000000000000000000027
:10CE0C000000000000000000000000000000000016
:10CE1C000000000000000000000000000000000006
:10CE2C0000000000000000000000000000000000F6
:10CE3C0000000000000000000000000000000000E6
:10CE4C0000000000000000000000000000000000D6
:10CE5C0000000000000000000000000000000000C6
:10CE6C0000000000000000000000000000000000B6
:10CE7C0000000000000000000000000000000000A6
:10CE8C000000000000000000000000000000000096
:10CE9C000000000000000000000000000000000086
:10CEAC000000000000000000000000000000000076
:10CEBC000000000000000000000000000000000066
:10CECC000000000000000000000000000000000056
:10CEDC000000000000000000000000000000000046
:10CEEC000000000000000000000000000000000036
:10CEFC000000000000000000000000000000000026
:10CF0C000000000000000000000000000000000015
:10CF1C000000000000000000000000000000000005
:10CF2C0000000000000000000000000000000000F5
:10CF3C0000000000000000000000000000000000E5
:10CF4C0000000000000000000000000000000000D5
:10CF5C0000000000000000000000000000000000C5
:10CF6C0000000000000000000000000000000000B5
:10CF7C0000000000000000000000000000000000A5
:10CF8C000000000000000000000000000000000095
:10CF9C000000000000000000000000000000000085
:10CFAC000000000000000000000000000000000075
:10CFBC000000000000000000000000000000000065
:10CFCC000000000000000000000000000000000055
:10CFDC000000000000000000000000000000000045
:10CFEC000000000000000000000000000000000035
:04CFFC000000000031
:040000056000100087
:00000001FF
